Year,Quarter,Product Model,Price Tier,5G Capability,Units Sold,Revenue ($),Market Share (%),Regional 5G Coverage (%),5G Subscribers (millions),Avg 5G Speed (Mbps),Preference for 5G (%),Region,Data Type,ASP,Period,Quarter_Index
2019,Q1,Galaxy S10,Mid,No,18283.0,8285187.71,34.3,14.83,4.86,64.57,45.65,Asia-Pacific,Actual,453.16,2019-Q1,0
2019,Q1,Galaxy S10,Mid,No,15227.0,6864006.11,27.97,16.6,2.46,55.94,40.99,Europe,Actual,450.78,2019-Q1,0
2019,Q1,Galaxy S10,Mid,No,17090.0,7312634.26,36.86,8.08,1.57,38.37,33.58,Latin America,Actual,427.89,2019-Q1,0
2019,Q1,Galaxy S10,Mid,No,15647.0,6842017.57,37.64,5.65,0.99,40.56,31.4,Middle East & Africa,Actual,437.27,2019-Q1,0
2019,Q1,Galaxy S10,Mid,No,15466.0,5874313.36,27.46,19.44,3.72,68.61,50.54,North America,Actual,379.82,2019-Q1,0
2019,Q2,Galaxy S10,Mid,No,30985.0,13125206.77,33.43,22.65,6.82,64.52,44.64,Asia-Pacific,Actual,423.6,2019-Q2,1
2019,Q2,Galaxy S10,Mid,No,28717.0,12622754.99,28.04,14.99,4.77,60.47,43.11,Europe,Actual,439.56,2019-Q2,1
2019,Q2,Galaxy S10,Mid,No,29079.0,11537586.59,36.58,9.93,2.31,48.93,36.63,Latin America,Actual,396.77,2019-Q2,1
2019,Q2,Galaxy S10,Mid,No,27462.0,11161998.15,37.37,9.08,2.5,40.28,34.56,Middle East & Africa,Actual,406.45,2019-Q2,1
2019,Q2,Galaxy S10,Mid,No,25889.0,11060194.61,27.03,22.34,5.32,75.84,49.92,North America,Actual,427.22,2019-Q2,1
2019,Q3,Galaxy Note10,Premium,No,9244.0,9184824.0,34.12,20.23,8.64,82.3,47.55,Asia-Pacific,Actual,993.6,2019-Q3,2
2019,Q3,Galaxy S10,Mid,No,34652.0,14617183.46,34.54,22.65,6.83,81.69,48.16,Asia-Pacific,Actual,421.83,2019-Q3,2
2019,Q3,Galaxy Note10,Premium,No,12173.0,10842859.93,29.66,16.09,5.19,70.99,44.94,Europe,Actual,890.73,2019-Q3,2
2019,Q3,Galaxy S10,Mid,No,30858.0,13023268.0,28.71,16.6,5.48,70.99,45.92,Europe,Actual,422.04,2019-Q3,2
2019,Q3,Galaxy Note10,Premium,No,6079.0,6110916.44,38.14,11.76,4.56,52.39,37.16,Latin America,Actual,1005.25,2019-Q3,2
2019,Q3,Galaxy S10,Mid,No,33446.0,14230676.35,37.74,11.76,2.82,50.82,37.27,Latin America,Actual,425.48,2019-Q3,2
2019,Q3,Galaxy Note10,Premium,No,7924.0,7382771.82,38.18,9.02,2.44,46.6,32.98,Middle East & Africa,Actual,931.7,2019-Q3,2
2019,Q3,Galaxy S10,Mid,No,28115.0,11713074.5,38.18,9.92,2.59,44.74,32.98,Middle East & Africa,Actual,416.61,2019-Q3,2
2019,Q3,Galaxy Note10,Premium,No,12849.0,12477425.2,28.47,26.64,7.96,84.55,51.28,North America,Actual,971.08,2019-Q3,2
2019,Q3,Galaxy S10,Mid,No,29582.0,12102479.14,27.02,26.64,7.41,85.34,50.81,North America,Actual,409.12,2019-Q3,2
2019,Q4,Galaxy Note10,Premium,No,13874.0,13080271.35,34.55,24.49,11.38,81.79,51.39,Asia-Pacific,Actual,942.79,2019-Q4,3
2019,Q4,Galaxy S10,Mid,No,22135.0,9284375.42,34.72,24.49,10.06,86.27,49.97,Asia-Pacific,Actual,419.44,2019-Q4,3
2019,Q4,Galaxy Note10,Premium,No,20507.0,18674140.47,29.51,18.97,7.69,78.42,47.4,Europe,Actual,910.62,2019-Q4,3
2019,Q4,Galaxy S10,Mid,No,24200.0,11277189.55,29.75,20.75,6.36,81.71,45.59,Europe,Actual,466.0,2019-Q4,3
2019,Q4,Galaxy Note10,Premium,No,11671.0,11101037.77,36.9,15.8,4.87,57.94,39.51,Latin America,Actual,951.16,2019-Q4,3
2019,Q4,Galaxy S10,Mid,No,25692.0,10217493.15,36.65,14.22,3.87,56.49,39.0,Latin America,Actual,397.69,2019-Q4,3
2019,Q4,Galaxy Note10,Premium,No,13211.0,13369667.32,38.6,12.06,4.2,54.8,35.38,Middle East & Africa,Actual,1012.01,2019-Q4,3
2019,Q4,Galaxy S10,Mid,No,24568.0,9683522.63,38.55,11.2,3.51,49.15,37.15,Middle East & Africa,Actual,394.15,2019-Q4,3
2019,Q4,Galaxy Note10,Premium,No,20543.0,20344885.35,27.65,28.44,8.5,93.38,53.58,North America,Actual,990.36,2019-Q4,3
2019,Q4,Galaxy S10,Mid,No,19209.0,8528782.15,27.34,31.06,8.78,94.9,54.01,North America,Actual,444.0,2019-Q4,3
2020,Q1,Galaxy Note10,Premium,No,17994.0,17602989.64,34.65,27.42,11.72,94.97,51.09,Asia-Pacific,Actual,978.27,2020-Q1,4
2020,Q1,Galaxy S10,Mid,No,14766.0,5818158.9,34.78,28.17,11.96,94.55,49.79,Asia-Pacific,Actual,394.02,2020-Q1,4
2020,Q1,Galaxy S20,Flagship,No,12758.0,10150494.17,34.92,26.91,12.41,99.0,52.38,Asia-Pacific,Actual,795.62,2020-Q1,4
2020,Q1,Galaxy Note10,Premium,No,23335.0,22005249.76,29.78,22.39,8.19,85.23,47.1,Europe,Actual,943.01,2020-Q1,4
2020,Q1,Galaxy S10,Mid,No,13312.0,5318565.79,29.58,21.54,7.89,86.42,49.87,Europe,Actual,399.53,2020-Q1,4
2020,Q1,Galaxy S20,Flagship,No,15039.0,14465656.74,28.56,21.29,9.23,82.07,46.65,Europe,Actual,961.88,2020-Q1,4
2020,Q1,Galaxy Note10,Premium,No,12118.0,11653103.98,36.82,16.81,5.41,62.31,40.61,Latin America,Actual,961.64,2020-Q1,4
2020,Q1,Galaxy S10,Mid,No,14805.0,6807822.42,37.79,18.59,6.15,66.89,39.38,Latin America,Actual,459.83,2020-Q1,4
2020,Q1,Galaxy S20,Flagship,No,10339.0,9913070.35,37.62,17.42,5.55,66.1,39.34,Latin America,Actual,958.8,2020-Q1,4
2020,Q1,Galaxy Note10,Premium,No,13202.0,12408048.36,38.06,13.83,3.76,52.66,37.03,Middle East & Africa,Actual,939.86,2020-Q1,4
2020,Q1,Galaxy S10,Mid,No,13031.0,5548736.71,38.21,13.5,4.55,54.55,35.91,Middle East & Africa,Actual,425.81,2020-Q1,4
2020,Q1,Galaxy S20,Flagship,No,11202.0,10384579.57,38.3,15.78,5.66,56.9,36.1,Middle East & Africa,Actual,927.03,2020-Q1,4
2020,Q1,Galaxy Note10,Premium,No,25151.0,24639068.78,26.91,33.31,11.09,98.36,54.59,North America,Actual,979.65,2020-Q1,4
2020,Q1,Galaxy S10,Mid,No,10909.0,4634986.77,26.61,31.43,10.61,102.75,55.9,North America,Actual,424.88,2020-Q1,4
2020,Q1,Galaxy S20,Flagship,No,18032.0,14858557.22,27.03,30.83,10.51,99.82,56.12,North America,Actual,824.01,2020-Q1,4
2020,Q2,Galaxy Note10,Premium,No,12968.0,12308196.28,34.99,29.17,13.49,102.02,53.86,Asia-Pacific,Actual,949.12,2020-Q2,5
2020,Q2,Galaxy S10,Mid,No,5614.0,2256826.27,35.3,29.52,15.13,101.71,54.45,Asia-Pacific,Actual,402.0,2020-Q2,5
2020,Q2,Galaxy S20,Flagship,No,20661.0,16923356.3,35.22,28.83,13.87,105.42,53.63,Asia-Pacific,Actual,819.1,2020-Q2,5
2020,Q2,Galaxy Note10,Premium,No,16124.0,15336572.1,29.91,24.52,10.06,92.54,49.72,Europe,Actual,951.16,2020-Q2,5
2020,Q2,Galaxy S10,Mid,No,4949.0,2118625.65,28.59,24.46,9.25,93.14,50.36,Europe,Actual,428.09,2020-Q2,5
2020,Q2,Galaxy S20,Flagship,No,22565.0,19592259.24,29.84,26.3,9.96,93.88,50.33,Europe,Actual,868.26,2020-Q2,5
2020,Q2,Galaxy Note10,Premium,No,9943.0,9457661.77,37.7,21.24,6.54,76.46,42.46,Latin America,Actual,951.19,2020-Q2,5
2020,Q2,Galaxy S10,Mid,No,5589.0,2474496.64,36.87,19.68,7.21,66.57,41.56,Latin America,Actual,442.74,2020-Q2,5
2020,Q2,Galaxy S20,Flagship,No,16204.0,14242729.09,37.52,19.83,7.63,66.76,40.22,Latin America,Actual,878.96,2020-Q2,5
2020,Q2,Galaxy Note10,Premium,No,10448.0,9548857.64,39.76,15.53,4.23,60.7,37.16,Middle East & Africa,Actual,913.94,2020-Q2,5
2020,Q2,Galaxy S10,Mid,No,5066.0,2537596.69,39.08,14.85,5.81,64.05,37.06,Middle East & Africa,Actual,500.91,2020-Q2,5
2020,Q2,Galaxy S20,Flagship,No,17969.0,14941832.83,38.47,16.54,5.56,60.95,38.94,Middle East & Africa,Actual,831.53,2020-Q2,5
2020,Q2,Galaxy Note10,Premium,No,18454.0,17883426.44,27.33,33.89,12.92,111.56,56.17,North America,Actual,969.08,2020-Q2,5
2020,Q2,Galaxy S10,Mid,No,4378.0,1760907.48,26.86,34.08,12.28,112.14,56.78,North America,Actual,402.22,2020-Q2,5
2020,Q2,Galaxy S20,Flagship,No,30980.0,27136927.72,27.35,33.41,11.2,110.53,57.62,North America,Actual,875.95,2020-Q2,5
2020,Q3,Galaxy Note10,Premium,No,7156.0,6965408.25,35.05,32.81,14.85,113.85,56.48,Asia-Pacific,Actual,973.37,2020-Q3,6
2020,Q3,Galaxy Note20,Premium,No,9316.0,9515468.78,35.43,32.91,15.2,110.86,53.63,Asia-Pacific,Actual,1021.41,2020-Q3,6
2020,Q3,Galaxy S10,Mid,No,1526.0,616154.04,35.3,33.76,15.01,112.95,55.55,Asia-Pacific,Actual,403.77,2020-Q3,6
2020,Q3,Galaxy S20,Flagship,No,25478.0,21180152.61,34.77,32.67,14.66,114.77,54.12,Asia-Pacific,Actual,831.31,2020-Q3,6
2020,Q3,Galaxy Z Fold2 5G,Premium Foldable,Yes,6312.0,9874664.44,34.96,34.18,16.11,108.42,54.68,Asia-Pacific,Actual,1564.43,2020-Q3,6
2020,Q3,Galaxy Note10,Premium,No,9039.0,8854472.18,30.34,25.69,11.43,100.02,50.4,Europe,Actual,979.59,2020-Q3,6
2020,Q3,Galaxy Note20,Premium,No,12888.0,13100257.41,29.0,27.26,11.06,101.92,52.8,Europe,Actual,1016.47,2020-Q3,6
2020,Q3,Galaxy S10,Mid,No,1380.0,558433.98,29.32,28.91,10.97,100.97,51.06,Europe,Actual,404.66,2020-Q3,6
2020,Q3,Galaxy S20,Flagship,No,27512.0,25084584.33,30.24,26.98,11.18,106.9,52.41,Europe,Actual,911.77,2020-Q3,6
2020,Q3,Galaxy Z Fold2 5G,Premium Foldable,Yes,4297.0,7185927.62,29.21,27.12,11.43,97.41,50.41,Europe,Actual,1672.31,2020-Q3,6
2020,Q3,Galaxy Note10,Premium,No,4690.0,4113737.72,36.84,21.63,8.53,77.54,42.92,Latin America,Actual,877.13,2020-Q3,6
2020,Q3,Galaxy Note20,Premium,No,7182.0,7039585.68,38.03,21.87,8.34,78.09,42.15,Latin America,Actual,980.17,2020-Q3,6
2020,Q3,Galaxy S10,Mid,No,1244.0,527350.93,37.61,21.85,8.48,82.43,42.15,Latin America,Actual,423.92,2020-Q3,6
2020,Q3,Galaxy S20,Flagship,No,16909.0,13651041.81,38.43,21.17,7.29,75.15,42.38,Latin America,Actual,807.32,2020-Q3,6
2020,Q3,Galaxy Z Fold2 5G,Premium Foldable,Yes,2098.0,3292499.85,37.45,21.51,8.55,74.27,41.89,Latin America,Actual,1569.35,2020-Q3,6
2020,Q3,Galaxy Note10,Premium,No,6429.0,6128168.63,39.31,19.0,6.47,72.65,38.45,Middle East & Africa,Actual,953.21,2020-Q3,6
2020,Q3,Galaxy Note20,Premium,No,7505.0,7748599.4,39.17,17.96,7.65,68.59,40.52,Middle East & Africa,Actual,1032.46,2020-Q3,6
2020,Q3,Galaxy S10,Mid,No,1307.0,551526.9,38.14,18.78,6.7,67.66,38.41,Middle East & Africa,Actual,421.98,2020-Q3,6
2020,Q3,Galaxy S20,Flagship,No,22076.0,18563829.25,38.08,18.56,5.8,72.65,39.43,Middle East & Africa,Actual,840.91,2020-Q3,6
2020,Q3,Galaxy Z Fold2 5G,Premium Foldable,Yes,2636.0,4183414.03,38.6,19.5,6.0,69.63,37.53,Middle East & Africa,Actual,1587.03,2020-Q3,6
2020,Q3,Galaxy Note10,Premium,No,11147.0,10529003.16,26.81,38.4,13.12,119.7,59.58,North America,Actual,944.56,2020-Q3,6
2020,Q3,Galaxy Note20,Premium,No,13284.0,12860797.45,28.13,35.93,12.37,118.63,58.43,North America,Actual,968.14,2020-Q3,6
2020,Q3,Galaxy S10,Mid,No,1243.0,479963.28,27.46,35.62,12.48,124.94,58.48,North America,Actual,386.13,2020-Q3,6
2020,Q3,Galaxy S20,Flagship,No,35651.0,30428024.03,28.47,36.44,13.76,113.54,59.43,North America,Actual,853.5,2020-Q3,6
2020,Q3,Galaxy Z Fold2 5G,Premium Foldable,Yes,5030.0,8533118.16,27.49,35.15,14.75,120.78,57.02,North America,Actual,1696.44,2020-Q3,6
2020,Q4,Galaxy Note10,Premium,No,3214.0,2905989.96,36.36,37.41,17.29,122.41,55.95,Asia-Pacific,Actual,904.17,2020-Q4,7
2020,Q4,Galaxy Note20,Premium,No,16658.0,15371157.0,35.24,34.52,17.15,118.54,55.72,Asia-Pacific,Actual,922.75,2020-Q4,7
2020,Q4,Galaxy S20,Flagship,No,20840.0,17970116.67,35.09,34.52,17.0,120.65,55.08,Asia-Pacific,Actual,862.29,2020-Q4,7
2020,Q4,Galaxy Z Fold2 5G,Premium Foldable,Yes,10073.0,15239689.44,34.04,33.35,16.36,120.28,56.25,Asia-Pacific,Actual,1512.92,2020-Q4,7
2020,Q4,Galaxy Note10,Premium,No,3571.0,3457596.14,30.6,30.29,11.78,103.36,51.37,Europe,Actual,968.24,2020-Q4,7
2020,Q4,Galaxy Note20,Premium,No,18977.0,19446953.47,29.09,29.89,13.19,108.91,50.83,Europe,Actual,1024.76,2020-Q4,7
2020,Q4,Galaxy S20,Flagship,No,23142.0,19870281.89,30.55,29.52,12.47,108.91,51.67,Europe,Actual,858.62,2020-Q4,7
2020,Q4,Galaxy Z Fold2 5G,Premium Foldable,Yes,5980.0,9473851.73,29.35,31.2,13.66,109.09,51.37,Europe,Actual,1584.26,2020-Q4,7
2020,Q4,Galaxy Note10,Premium,No,2006.0,1816143.55,37.54,23.86,9.6,78.09,44.01,Latin America,Actual,905.36,2020-Q4,7
2020,Q4,Galaxy Note20,Premium,No,10369.0,10381829.97,36.82,22.34,9.25,80.16,44.32,Latin America,Actual,1001.24,2020-Q4,7
2020,Q4,Galaxy S20,Flagship,No,14384.0,12430860.12,36.65,25.96,8.97,80.16,45.9,Latin America,Actual,864.21,2020-Q4,7
2020,Q4,Galaxy Z Fold2 5G,Premium Foldable,Yes,3179.0,5551621.28,37.91,23.86,9.25,80.19,44.47,Latin America,Actual,1746.34,2020-Q4,7
2020,Q4,Galaxy Note10,Premium,No,2362.0,2184407.75,38.32,19.43,6.71,76.37,40.34,Middle East & Africa,Actual,924.81,2020-Q4,7
2020,Q4,Galaxy Note20,Premium,No,13791.0,14005509.89,38.61,20.49,6.35,75.46,41.28,Middle East & Africa,Actual,1015.55,2020-Q4,7
2020,Q4,Galaxy S20,Flagship,No,15292.0,12976670.45,39.03,23.11,6.47,71.11,40.22,Middle East & Africa,Actual,848.59,2020-Q4,7
2020,Q4,Galaxy Z Fold2 5G,Premium Foldable,Yes,4128.0,6667829.53,38.78,21.11,7.04,72.04,40.34,Middle East & Africa,Actual,1615.27,2020-Q4,7
2020,Q4,Galaxy Note10,Premium,No,3838.0,3776911.54,28.11,40.17,13.98,122.45,58.04,North America,Actual,984.08,2020-Q4,7
2020,Q4,Galaxy Note20,Premium,No,21853.0,21156323.43,27.69,41.47,15.22,127.31,61.53,North America,Actual,968.12,2020-Q4,7
2020,Q4,Galaxy S20,Flagship,No,25021.0,22532241.26,29.17,38.13,14.87,124.13,59.27,North America,Actual,900.53,2020-Q4,7
2020,Q4,Galaxy Z Fold2 5G,Premium Foldable,Yes,8600.0,14903964.75,27.66,37.45,14.68,126.14,59.15,North America,Actual,1733.02,2020-Q4,7
2021,Q1,Galaxy A32 5G,Budget,Yes,32150.0,7030226.69,36.0,37.47,18.13,128.04,57.67,Asia-Pacific,Actual,218.67,2021-Q1,8
2021,Q1,Galaxy A52 5G,Mid,Yes,20375.0,8498689.22,33.66,39.01,18.91,122.51,57.15,Asia-Pacific,Actual,417.11,2021-Q1,8
2021,Q1,Galaxy Note10,Premium,No,899.0,855555.84,34.8,38.07,17.88,126.34,56.76,Asia-Pacific,Actual,951.68,2021-Q1,8
2021,Q1,Galaxy Note20,Premium,No,17032.0,16489393.42,34.9,38.67,18.27,128.78,58.29,Asia-Pacific,Actual,968.14,2021-Q1,8
2021,Q1,Galaxy S20,Flagship,No,12981.0,10740973.68,36.36,37.58,19.31,127.95,57.66,Asia-Pacific,Actual,827.44,2021-Q1,8
2021,Q1,Galaxy S21,Flagship,No,14073.0,11142767.41,35.2,38.25,19.93,130.89,57.65,Asia-Pacific,Actual,791.78,2021-Q1,8
2021,Q1,Galaxy Z Fold2 5G,Premium Foldable,Yes,10417.0,15436480.68,35.45,40.69,19.32,127.02,58.67,Asia-Pacific,Actual,1481.85,2021-Q1,8
2021,Q1,Galaxy A32 5G,Budget,Yes,20598.0,4406521.09,29.93,33.92,13.28,109.72,52.58,Europe,Actual,213.93,2021-Q1,8
2021,Q1,Galaxy A52 5G,Mid,Yes,17550.0,7387069.68,29.65,31.79,14.27,114.47,56.17,Europe,Actual,420.92,2021-Q1,8
2021,Q1,Galaxy Note10,Premium,No,1077.0,1010409.94,29.45,32.47,15.02,110.45,51.7,Europe,Actual,938.17,2021-Q1,8
2021,Q1,Galaxy Note20,Premium,No,22374.0,21205434.45,29.58,31.46,13.92,118.48,52.71,Europe,Actual,947.77,2021-Q1,8
2021,Q1,Galaxy S20,Flagship,No,13307.0,11531986.76,30.47,33.78,14.9,118.2,54.51,Europe,Actual,866.61,2021-Q1,8
2021,Q1,Galaxy S21,Flagship,No,15377.0,12270577.5,30.78,32.35,13.59,113.25,53.8,Europe,Actual,797.98,2021-Q1,8
2021,Q1,Galaxy Z Fold2 5G,Premium Foldable,Yes,8686.0,14574464.83,30.3,30.15,13.31,117.31,54.24,Europe,Actual,1677.93,2021-Q1,8
2021,Q1,Galaxy A32 5G,Budget,Yes,37900.0,8841767.88,39.17,25.72,11.5,92.63,45.58,Latin America,Actual,233.29,2021-Q1,8
2021,Q1,Galaxy A52 5G,Mid,Yes,17792.0,7458801.87,38.66,25.65,9.51,85.77,45.59,Latin America,Actual,419.22,2021-Q1,8
2021,Q1,Galaxy Note10,Premium,No,491.0,428983.66,37.99,26.77,10.22,91.36,48.48,Latin America,Actual,873.69,2021-Q1,8
2021,Q1,Galaxy Note20,Premium,No,10616.0,9869318.65,37.93,26.49,10.0,90.99,44.12,Latin America,Actual,929.66,2021-Q1,8
2021,Q1,Galaxy S20,Flagship,No,7508.0,6390972.19,37.54,26.58,10.52,85.55,46.61,Latin America,Actual,851.22,2021-Q1,8
2021,Q1,Galaxy S21,Flagship,No,10849.0,8302373.39,37.66,25.48,10.5,83.33,45.63,Latin America,Actual,765.27,2021-Q1,8
2021,Q1,Galaxy Z Fold2 5G,Premium Foldable,Yes,3459.0,5464832.04,37.39,27.16,10.45,88.55,47.67,Latin America,Actual,1579.89,2021-Q1,8
2021,Q1,Galaxy A32 5G,Budget,Yes,35478.0,7738744.09,39.33,23.51,7.71,77.35,42.38,Middle East & Africa,Actual,218.13,2021-Q1,8
2021,Q1,Galaxy A52 5G,Mid,Yes,17797.0,7505550.79,38.46,21.97,7.3,78.75,40.19,Middle East & Africa,Actual,421.73,2021-Q1,8
2021,Q1,Galaxy Note10,Premium,No,687.0,681420.11,38.84,21.89,7.55,77.06,40.18,Middle East & Africa,Actual,991.88,2021-Q1,8
2021,Q1,Galaxy Note20,Premium,No,15921.0,15413787.73,39.62,23.82,8.01,77.95,41.25,Middle East & Africa,Actual,968.14,2021-Q1,8
2021,Q1,Galaxy S20,Flagship,No,9223.0,8687497.18,39.49,23.03,8.65,74.92,41.65,Middle East & Africa,Actual,941.94,2021-Q1,8
2021,Q1,Galaxy S21,Flagship,No,11138.0,9506035.15,38.94,24.27,8.45,84.02,40.39,Middle East & Africa,Actual,853.48,2021-Q1,8
2021,Q1,Galaxy Z Fold2 5G,Premium Foldable,Yes,4572.0,7935149.69,39.22,21.77,8.49,77.57,41.67,Middle East & Africa,Actual,1735.6,2021-Q1,8
2021,Q1,Galaxy A32 5G,Budget,Yes,15910.0,3430259.67,28.05,40.54,16.58,136.17,60.76,North America,Actual,215.6,2021-Q1,8
2021,Q1,Galaxy A52 5G,Mid,Yes,15288.0,5906652.08,28.37,43.53,17.25,138.92,62.51,North America,Actual,386.36,2021-Q1,8
2021,Q1,Galaxy Note10,Premium,No,1110.0,1055792.3,27.38,41.86,17.17,133.34,61.09,North America,Actual,951.16,2021-Q1,8
2021,Q1,Galaxy Note20,Premium,No,25746.0,22331143.13,28.5,42.25,15.09,136.32,60.83,North America,Actual,867.36,2021-Q1,8
2021,Q1,Galaxy S20,Flagship,No,13979.0,12233062.46,27.51,42.85,17.15,139.54,60.85,North America,Actual,875.1,2021-Q1,8
2021,Q1,Galaxy S21,Flagship,No,18301.0,15998400.77,27.75,44.7,17.81,138.92,60.4,North America,Actual,874.18,2021-Q1,8
2021,Q1,Galaxy Z Fold2 5G,Premium Foldable,Yes,10055.0,16408997.9,27.2,39.36,17.81,134.06,60.85,North America,Actual,1631.92,2021-Q1,8
2021,Q2,Galaxy A32 5G,Budget,Yes,42916.0,9350098.02,35.17,41.94,21.19,136.77,60.36,Asia-Pacific,Actual,217.87,2021-Q2,9
2021,Q2,Galaxy A52 5G,Mid,Yes,24491.0,10345379.18,34.57,40.73,21.1,137.46,58.65,Asia-Pacific,Actual,422.42,2021-Q2,9
2021,Q2,Galaxy Note20,Premium,No,13877.0,13158614.68,35.7,42.34,20.18,135.72,59.64,Asia-Pacific,Actual,948.23,2021-Q2,9
2021,Q2,Galaxy S20,Flagship,No,4320.0,3783609.8,35.26,41.36,20.24,141.23,59.65,Asia-Pacific,Actual,875.84,2021-Q2,9
2021,Q2,Galaxy S21,Flagship,No,20915.0,17678882.54,35.77,41.19,20.4,133.74,59.94,Asia-Pacific,Actual,845.27,2021-Q2,9
2021,Q2,Galaxy Z Fold2 5G,Premium Foldable,Yes,8811.0,13867821.11,35.13,40.78,20.53,135.17,58.42,Asia-Pacific,Actual,1573.92,2021-Q2,9
2021,Q2,Galaxy A32 5G,Budget,Yes,27956.0,6485127.62,31.01,36.39,15.02,121.82,56.08,Europe,Actual,231.98,2021-Q2,9
2021,Q2,Galaxy A52 5G,Mid,Yes,22393.0,8660115.32,29.91,37.68,14.69,123.63,55.44,Europe,Actual,386.73,2021-Q2,9
2021,Q2,Galaxy Note20,Premium,No,18368.0,16542302.88,30.11,36.6,15.52,128.77,52.6,Europe,Actual,900.6,2021-Q2,9
2021,Q2,Galaxy S20,Flagship,No,4640.0,3834514.65,30.62,33.57,16.54,123.63,54.94,Europe,Actual,826.4,2021-Q2,9
2021,Q2,Galaxy S21,Flagship,No,24981.0,21375629.38,30.63,35.57,15.72,123.68,57.82,Europe,Actual,855.68,2021-Q2,9
2021,Q2,Galaxy Z Fold2 5G,Premium Foldable,Yes,7350.0,12205856.49,30.8,36.19,14.92,123.34,55.44,Europe,Actual,1660.66,2021-Q2,9
2021,Q2,Galaxy A32 5G,Budget,Yes,44013.0,9839319.39,38.85,30.55,11.48,90.64,46.21,Latin America,Actual,223.55,2021-Q2,9
2021,Q2,Galaxy A52 5G,Mid,Yes,28481.0,12926290.77,37.88,29.31,11.11,96.69,45.12,Latin America,Actual,453.86,2021-Q2,9
2021,Q2,Galaxy Note20,Premium,No,9439.0,9357147.04,38.09,27.44,11.29,99.74,46.08,Latin America,Actual,991.33,2021-Q2,9
2021,Q2,Galaxy S20,Flagship,No,2754.0,2423809.58,38.85,26.96,11.1,95.32,44.5,Latin America,Actual,880.11,2021-Q2,9
2021,Q2,Galaxy S21,Flagship,No,14160.0,12341709.18,37.63,29.55,10.6,91.64,47.66,Latin America,Actual,871.59,2021-Q2,9
2021,Q2,Galaxy Z Fold2 5G,Premium Foldable,Yes,2881.0,5200974.29,37.79,29.57,10.93,94.67,47.18,Latin America,Actual,1805.27,2021-Q2,9
2021,Q2,Galaxy A32 5G,Budget,Yes,49412.0,9309473.57,38.72,24.34,8.78,86.04,41.21,Middle East & Africa,Actual,188.41,2021-Q2,9
2021,Q2,Galaxy A52 5G,Mid,Yes,25249.0,10081148.79,39.35,24.58,8.67,78.04,41.91,Middle East & Africa,Actual,399.27,2021-Q2,9
2021,Q2,Galaxy Note20,Premium,No,11361.0,10998966.92,39.11,25.08,9.07,91.71,43.16,Middle East & Africa,Actual,968.13,2021-Q2,9
2021,Q2,Galaxy S20,Flagship,No,3366.0,3125270.66,38.96,24.22,9.49,87.12,42.29,Middle East & Africa,Actual,928.48,2021-Q2,9
2021,Q2,Galaxy S21,Flagship,No,19660.0,16779372.52,38.15,22.32,9.1,91.98,43.19,Middle East & Africa,Actual,853.48,2021-Q2,9
2021,Q2,Galaxy Z Fold2 5G,Premium Foldable,Yes,3500.0,6090947.8,39.62,26.81,9.02,81.53,42.29,Middle East & Africa,Actual,1740.27,2021-Q2,9
2021,Q2,Galaxy A32 5G,Budget,Yes,22478.0,4691921.61,27.47,43.76,19.31,141.63,62.52,North America,Actual,208.73,2021-Q2,9
2021,Q2,Galaxy A52 5G,Mid,Yes,21780.0,9639744.15,27.8,45.11,18.21,139.74,62.81,North America,Actual,442.6,2021-Q2,9
2021,Q2,Galaxy Note20,Premium,No,15994.0,15890447.88,28.34,43.76,18.45,141.76,63.33,North America,Actual,993.53,2021-Q2,9
2021,Q2,Galaxy S20,Flagship,No,5560.0,4560561.45,28.01,43.76,17.78,145.22,62.79,North America,Actual,820.24,2021-Q2,9
2021,Q2,Galaxy S21,Flagship,No,27869.0,23313885.55,27.36,43.42,18.77,145.27,62.81,North America,Actual,836.55,2021-Q2,9
2021,Q2,Galaxy Z Fold2 5G,Premium Foldable,Yes,7002.0,10525795.57,28.42,45.93,17.94,147.63,63.01,North America,Actual,1503.26,2021-Q2,9
2021,Q3,Galaxy A32 5G,Budget,Yes,56318.0,11771462.22,35.58,46.13,21.64,143.63,62.66,Asia-Pacific,Actual,209.02,2021-Q3,10
2021,Q3,Galaxy A52 5G,Mid,Yes,33976.0,13491924.62,35.52,44.09,22.1,143.05,60.78,Asia-Pacific,Actual,397.1,2021-Q3,10
2021,Q3,Galaxy Note20,Premium,No,7023.0,6772806.92,36.26,60.42,22.98,141.57,61.64,Asia-Pacific,Actual,964.38,2021-Q3,10
2021,Q3,Galaxy S20,Flagship,No,1123.0,971352.72,34.96,42.17,22.15,144.86,60.31,Asia-Pacific,Actual,864.96,2021-Q3,10
2021,Q3,Galaxy S21,Flagship,No,24609.0,21955209.73,35.54,45.1,22.19,145.8,60.71,Asia-Pacific,Actual,892.16,2021-Q3,10
2021,Q3,Galaxy Z Flip3 5G,Premium Foldable,Yes,7258.0,12210672.79,36.08,42.83,22.64,146.52,61.48,Asia-Pacific,Actual,1682.37,2021-Q3,10
2021,Q3,Galaxy Z Fold2 5G,Premium Foldable,Yes,4051.0,6959259.78,34.58,45.1,21.39,143.72,60.84,Asia-Pacific,Actual,1717.91,2021-Q3,10
2021,Q3,Galaxy Z Fold3 5G,Premium Foldable,Yes,6262.0,10765709.25,35.41,46.15,22.4,146.49,61.23,Asia-Pacific,Actual,1719.21,2021-Q3,10
2021,Q3,Galaxy A32 5G,Budget,Yes,32919.0,7234442.71,29.86,38.44,17.9,127.59,57.91,Europe,Actual,219.76,2021-Q3,10
2021,Q3,Galaxy A52 5G,Mid,Yes,29524.0,12320386.23,29.63,38.43,16.98,130.33,55.86,Europe,Actual,417.3,2021-Q3,10
2021,Q3,Galaxy Note20,Premium,No,9791.0,9163061.4,29.85,39.16,17.36,129.97,58.19,Europe,Actual,935.87,2021-Q3,10
2021,Q3,Galaxy S20,Flagship,No,1248.0,1137183.82,30.27,38.77,17.43,130.59,58.33,Europe,Actual,911.2,2021-Q3,10
2021,Q3,Galaxy S21,Flagship,No,28418.0,22570910.11,30.28,37.97,17.33,134.17,57.82,Europe,Actual,794.25,2021-Q3,10
2021,Q3,Galaxy Z Flip3 5G,Premium Foldable,Yes,4612.0,7923741.64,29.51,39.35,16.8,129.97,57.0,Europe,Actual,1718.07,2021-Q3,10
2021,Q3,Galaxy Z Fold2 5G,Premium Foldable,Yes,3603.0,6494547.58,29.85,37.67,16.86,129.84,57.82,Europe,Actual,1802.54,2021-Q3,10
2021,Q3,Galaxy Z Fold3 5G,Premium Foldable,Yes,4833.0,7857238.76,30.0,38.8,17.42,128.84,55.91,Europe,Actual,1625.75,2021-Q3,10
2021,Q3,Galaxy A32 5G,Budget,Yes,58998.0,13314393.2,37.35,28.09,12.33,102.21,48.88,Latin America,Actual,225.68,2021-Q3,10
2021,Q3,Galaxy A52 5G,Mid,Yes,35877.0,14415749.14,36.67,30.34,11.88,100.48,48.09,Latin America,Actual,401.81,2021-Q3,10
2021,Q3,Galaxy Note20,Premium,No,4700.0,4143508.64,38.63,30.82,12.51,99.48,47.7,Latin America,Actual,881.6,2021-Q3,10
2021,Q3,Galaxy S20,Flagship,No,761.0,674038.51,37.39,33.16,12.58,95.71,47.96,Latin America,Actual,885.73,2021-Q3,10
2021,Q3,Galaxy S21,Flagship,No,18741.0,15995026.47,37.16,30.63,12.53,99.44,47.39,Latin America,Actual,853.48,2021-Q3,10
2021,Q3,Galaxy Z Flip3 5G,Premium Foldable,Yes,1960.0,3375388.73,37.28,30.21,12.01,95.96,47.7,Latin America,Actual,1722.14,2021-Q3,10
2021,Q3,Galaxy Z Fold2 5G,Premium Foldable,Yes,1528.0,2518158.79,38.48,30.68,12.54,107.72,46.89,Latin America,Actual,1648.01,2021-Q3,10
2021,Q3,Galaxy Z Fold3 5G,Premium Foldable,Yes,2098.0,3470315.08,37.35,29.18,12.85,102.67,47.64,Latin America,Actual,1654.11,2021-Q3,10
2021,Q3,Galaxy A32 5G,Budget,Yes,56943.0,12819619.15,37.96,26.37,10.18,86.24,44.79,Middle East & Africa,Actual,225.13,2021-Q3,10
2021,Q3,Galaxy A52 5G,Mid,Yes,31888.0,14062997.95,39.48,27.51,9.28,95.33,43.35,Middle East & Africa,Actual,441.01,2021-Q3,10
2021,Q3,Galaxy Note20,Premium,No,5389.0,5539868.94,39.86,25.98,9.62,83.54,43.01,Middle East & Africa,Actual,1028.0,2021-Q3,10
2021,Q3,Galaxy S20,Flagship,No,812.0,716441.91,38.51,26.46,8.55,88.64,42.11,Middle East & Africa,Actual,882.32,2021-Q3,10
2021,Q3,Galaxy S21,Flagship,No,18904.0,16550394.74,39.19,27.08,9.91,87.18,42.02,Middle East & Africa,Actual,875.5,2021-Q3,10
2021,Q3,Galaxy Z Flip3 5G,Premium Foldable,Yes,2516.0,4206481.26,39.06,27.23,10.23,89.59,44.85,Middle East & Africa,Actual,1671.89,2021-Q3,10
2021,Q3,Galaxy Z Fold2 5G,Premium Foldable,Yes,1836.0,2921425.25,39.02,26.83,9.98,88.36,43.43,Middle East & Africa,Actual,1591.19,2021-Q3,10
2021,Q3,Galaxy Z Fold3 5G,Premium Foldable,Yes,2441.0,3594004.42,38.9,26.21,10.3,91.26,44.7,Middle East & Africa,Actual,1472.35,2021-Q3,10
2021,Q3,Galaxy A32 5G,Budget,Yes,23620.0,4981559.95,28.18,46.88,19.88,149.7,65.23,North America,Actual,210.9,2021-Q3,10
2021,Q3,Galaxy A52 5G,Mid,Yes,28763.0,12253889.6,28.85,46.88,20.14,152.12,64.02,North America,Actual,426.03,2021-Q3,10
2021,Q3,Galaxy Note20,Premium,No,11332.0,11009523.91,27.55,46.92,20.25,150.96,64.33,North America,Actual,971.54,2021-Q3,10
2021,Q3,Galaxy S20,Flagship,No,1532.0,1339297.55,27.25,48.73,20.21,153.35,63.92,North America,Actual,874.22,2021-Q3,10
2021,Q3,Galaxy S21,Flagship,No,33539.0,30055993.68,27.9,46.09,20.02,147.3,64.54,North America,Actual,896.15,2021-Q3,10
2021,Q3,Galaxy Z Flip3 5G,Premium Foldable,Yes,5371.0,8929659.59,27.69,46.97,19.75,147.92,62.23,North America,Actual,1662.57,2021-Q3,10
2021,Q3,Galaxy Z Fold2 5G,Premium Foldable,Yes,4123.0,6291659.68,28.04,45.45,21.0,148.99,62.7,North America,Actual,1525.99,2021-Q3,10
2021,Q3,Galaxy Z Fold3 5G,Premium Foldable,Yes,5755.0,10290778.08,27.63,46.33,20.47,151.32,62.9,North America,Actual,1788.15,2021-Q3,10
2021,Q4,Galaxy A32 5G,Budget,Yes,996520.0,11591272.05,35.74,44.96,23.21,151.3,63.76,Asia-Pacific,Actual,11.63,2021-Q4,11
2021,Q4,Galaxy A52 5G,Mid,Yes,29418.0,12856459.51,35.36,48.57,23.86,154.37,62.35,Asia-Pacific,Actual,437.03,2021-Q4,11
2021,Q4,Galaxy Note20,Premium,No,2420.0,2562343.85,36.37,46.07,23.51,156.45,62.39,Asia-Pacific,Actual,1058.82,2021-Q4,11
2021,Q4,Galaxy S21,Flagship,No,19670.0,16206710.71,36.68,48.36,23.79,157.97,62.39,Asia-Pacific,Actual,823.93,2021-Q4,11
2021,Q4,Galaxy Z Flip3 5G,Premium Foldable,Yes,9849.0,17255258.75,35.41,43.97,24.26,157.77,62.47,Asia-Pacific,Actual,1751.98,2021-Q4,11
2021,Q4,Galaxy Z Fold2 5G,Premium Foldable,Yes,1913.0,2829222.37,35.82,46.59,24.35,145.55,62.39,Asia-Pacific,Actual,1478.95,2021-Q4,11
2021,Q4,Galaxy Z Fold3 5G,Premium Foldable,Yes,9910.0,16855948.64,36.42,46.33,23.46,155.58,61.74,Asia-Pacific,Actual,1700.9,2021-Q4,11
2021,Q4,Galaxy A32 5G,Budget,Yes,25236.0,5481867.68,30.15,39.31,18.94,138.81,55.58,Europe,Actual,217.22,2021-Q4,11
2021,Q4,Galaxy A52 5G,Mid,Yes,29474.0,13242944.08,29.85,39.27,18.52,136.58,58.29,Europe,Actual,449.31,2021-Q4,11
2021,Q4,Galaxy Note20,Premium,No,3396.0,3180924.3,30.61,41.51,18.36,137.81,58.78,Europe,Actual,936.67,2021-Q4,11
2021,Q4,Galaxy S21,Flagship,No,21811.0,17454693.25,30.67,38.82,17.58,140.3,55.95,Europe,Actual,800.27,2021-Q4,11
2021,Q4,Galaxy Z Flip3 5G,Premium Foldable,Yes,6653.0,10307434.52,29.83,40.6,17.02,133.17,59.1,Europe,Actual,1549.29,2021-Q4,11
2021,Q4,Galaxy Z Fold2 5G,Premium Foldable,Yes,1207.0,2062548.6,30.86,41.47,18.69,135.93,57.37,Europe,Actual,1708.82,2021-Q4,11
2021,Q4,Galaxy Z Fold3 5G,Premium Foldable,Yes,6614.0,11749986.19,30.35,39.36,19.07,132.93,57.15,Europe,Actual,1776.53,2021-Q4,11
2021,Q4,Galaxy A32 5G,Budget,Yes,56853.0,12349790.9,38.25,35.77,13.49,103.82,49.32,Latin America,Actual,217.22,2021-Q4,11
2021,Q4,Galaxy A52 5G,Mid,Yes,33056.0,13026664.64,37.54,33.05,14.18,103.58,47.62,Latin America,Actual,394.08,2021-Q4,11
2021,Q4,Galaxy Note20,Premium,No,2146.0,2132308.6,36.86,33.18,13.71,102.69,48.31,Latin America,Actual,993.62,2021-Q4,11
2021,Q4,Galaxy S21,Flagship,No,13562.0,11753529.95,36.8,33.95,12.05,104.27,50.06,Latin America,Actual,866.65,2021-Q4,11
2021,Q4,Galaxy Z Flip3 5G,Premium Foldable,Yes,3140.0,5342182.76,37.58,33.12,13.8,110.36,48.85,Latin America,Actual,1701.33,2021-Q4,11
2021,Q4,Galaxy Z Fold2 5G,Premium Foldable,Yes,634.0,989554.98,37.74,32.85,13.38,107.33,50.01,Latin America,Actual,1560.81,2021-Q4,11
2021,Q4,Galaxy Z Fold3 5G,Premium Foldable,Yes,2957.0,4918086.85,37.56,31.25,13.51,109.71,48.18,Latin America,Actual,1663.2,2021-Q4,11
2021,Q4,Galaxy A32 5G,Budget,Yes,57978.0,12594219.54,38.31,28.52,11.87,95.87,44.25,Middle East & Africa,Actual,217.22,2021-Q4,11
2021,Q4,Galaxy A52 5G,Mid,Yes,26102.0,10954918.1,38.63,29.07,11.15,93.07,45.48,Middle East & Africa,Actual,419.7,2021-Q4,11
2021,Q4,Galaxy Note20,Premium,No,2369.0,2141584.62,38.05,27.91,10.77,92.55,46.14,Middle East & Africa,Actual,904.0,2021-Q4,11
2021,Q4,Galaxy S21,Flagship,No,15018.0,13529029.71,38.1,29.32,10.52,97.24,45.18,Middle East & Africa,Actual,900.85,2021-Q4,11
2021,Q4,Galaxy Z Flip3 5G,Premium Foldable,Yes,3426.0,5884072.42,38.31,30.35,10.26,97.51,45.12,Middle East & Africa,Actual,1717.48,2021-Q4,11
2021,Q4,Galaxy Z Fold2 5G,Premium Foldable,Yes,780.0,1275101.55,38.31,29.81,10.15,96.48,44.89,Middle East & Africa,Actual,1634.75,2021-Q4,11
2021,Q4,Galaxy Z Fold3 5G,Premium Foldable,Yes,3733.0,6239609.24,39.29,30.44,10.1,94.42,46.65,Middle East & Africa,Actual,1671.47,2021-Q4,11
2021,Q4,Galaxy A32 5G,Budget,Yes,22095.0,4659758.33,27.49,49.77,21.71,160.08,65.83,North America,Actual,210.9,2021-Q4,11
2021,Q4,Galaxy A52 5G,Mid,Yes,26214.0,10409309.53,28.58,47.6,22.22,153.01,66.7,North America,Actual,397.09,2021-Q4,11
2021,Q4,Galaxy Note20,Premium,No,4066.0,3977567.88,27.27,47.73,22.43,165.32,66.42,North America,Actual,978.25,2021-Q4,11
2021,Q4,Galaxy S21,Flagship,No,26990.0,24307260.58,27.92,49.23,21.6,158.48,65.57,North America,Actual,900.6,2021-Q4,11
2021,Q4,Galaxy Z Flip3 5G,Premium Foldable,Yes,9170.0,15025005.41,28.15,49.94,21.66,157.05,64.78,North America,Actual,1638.5,2021-Q4,11
2021,Q4,Galaxy Z Fold2 5G,Premium Foldable,Yes,1811.0,3127947.37,27.89,49.25,20.93,155.67,63.99,North America,Actual,1727.19,2021-Q4,11
2021,Q4,Galaxy Z Fold3 5G,Premium Foldable,Yes,8542.0,12842560.39,28.51,48.06,21.38,158.78,66.61,North America,Actual,1503.46,2021-Q4,11
2022,Q1,Galaxy A32 5G,Budget,Yes,41758.0,9323988.56,35.74,47.92,25.29,161.77,65.08,Asia-Pacific,Actual,223.29,2022-Q1,12
2022,Q1,Galaxy A52 5G,Mid,Yes,20093.0,8329860.22,36.25,64.81,25.35,161.67,63.76,Asia-Pacific,Actual,414.57,2022-Q1,12
2022,Q1,Galaxy Note20,Premium,No,815.0,773489.77,35.98,48.2,24.44,162.96,63.6,Asia-Pacific,Actual,949.07,2022-Q1,12
2022,Q1,Galaxy S21,Flagship,No,10897.0,10055180.71,35.82,49.77,24.87,160.67,63.27,Asia-Pacific,Actual,922.75,2022-Q1,12
2022,Q1,Galaxy S22 5G,Flagship,Yes,12341.0,10171640.25,36.66,49.25,25.91,161.77,64.16,Asia-Pacific,Actual,824.22,2022-Q1,12
2022,Q1,Galaxy Z Flip3 5G,Premium Foldable,Yes,12026.0,18949353.64,36.15,48.72,24.69,165.38,63.33,Asia-Pacific,Actual,1575.7,2022-Q1,12
2022,Q1,Galaxy Z Fold2 5G,Premium Foldable,Yes,494.0,762916.1,35.61,51.06,24.47,157.77,63.5,Asia-Pacific,Actual,1544.36,2022-Q1,12
2022,Q1,Galaxy Z Fold3 5G,Premium Foldable,Yes,10213.0,16657320.69,35.34,48.65,25.42,161.85,64.54,Asia-Pacific,Actual,1630.99,2022-Q1,12
2022,Q1,Galaxy A32 5G,Budget,Yes,22256.0,5014990.35,31.32,44.5,19.84,148.84,59.55,Europe,Actual,225.33,2022-Q1,12
2022,Q1,Galaxy A52 5G,Mid,Yes,18940.0,8643890.52,30.14,43.74,19.08,141.62,58.43,Europe,Actual,456.38,2022-Q1,12
2022,Q1,Galaxy Note20,Premium,No,1084.0,965753.48,30.23,43.25,18.96,143.01,59.3,Europe,Actual,890.92,2022-Q1,12
2022,Q1,Galaxy S21,Flagship,No,12763.0,11010894.53,31.3,44.01,19.58,142.02,59.51,Europe,Actual,862.72,2022-Q1,12
2022,Q1,Galaxy S22 5G,Flagship,Yes,17547.0,15400820.9,29.83,42.98,20.34,138.38,59.4,Europe,Actual,877.69,2022-Q1,12
2022,Q1,Galaxy Z Flip3 5G,Premium Foldable,Yes,7981.0,14757194.4,30.64,42.58,18.26,142.02,59.77,Europe,Actual,1849.04,2022-Q1,12
2022,Q1,Galaxy Z Fold2 5G,Premium Foldable,Yes,354.0,593089.35,30.18,44.52,19.58,145.45,60.11,Europe,Actual,1675.39,2022-Q1,12
2022,Q1,Galaxy Z Fold3 5G,Premium Foldable,Yes,8128.0,12927231.67,30.15,41.46,19.92,141.99,59.08,Europe,Actual,1590.46,2022-Q1,12
2022,Q1,Galaxy A32 5G,Budget,Yes,34297.0,7705149.95,37.45,34.83,14.46,111.0,50.61,Latin America,Actual,224.66,2022-Q1,12
2022,Q1,Galaxy A52 5G,Mid,Yes,19490.0,7931693.29,39.3,36.37,14.37,106.6,51.1,Latin America,Actual,406.96,2022-Q1,12
2022,Q1,Galaxy Note20,Premium,No,502.0,483552.62,37.54,34.74,15.45,111.12,51.49,Latin America,Actual,963.25,2022-Q1,12
2022,Q1,Galaxy S21,Flagship,No,7355.0,6881109.69,38.74,37.47,14.98,109.74,50.63,Latin America,Actual,935.57,2022-Q1,12
2022,Q1,Galaxy S22 5G,Flagship,Yes,9724.0,8299286.3,37.28,35.36,15.1,113.8,50.59,Latin America,Actual,853.48,2022-Q1,12
2022,Q1,Galaxy Z Flip3 5G,Premium Foldable,Yes,3298.0,5744890.22,38.43,35.15,15.03,112.07,50.34,Latin America,Actual,1741.93,2022-Q1,12
2022,Q1,Galaxy Z Fold2 5G,Premium Foldable,Yes,300.0,503602.65,36.93,33.98,14.59,112.51,51.34,Latin America,Actual,1678.68,2022-Q1,12
2022,Q1,Galaxy Z Fold3 5G,Premium Foldable,Yes,3268.0,5615904.16,38.07,34.94,15.5,117.02,50.33,Latin America,Actual,1718.45,2022-Q1,12
2022,Q1,Galaxy A32 5G,Budget,Yes,40627.0,8463159.52,40.32,29.92,11.75,105.24,46.42,Middle East & Africa,Actual,208.31,2022-Q1,12
2022,Q1,Galaxy A52 5G,Mid,Yes,19066.0,8838153.66,38.98,30.52,11.16,103.24,44.42,Middle East & Africa,Actual,463.56,2022-Q1,12
2022,Q1,Galaxy Note20,Premium,No,632.0,594837.66,38.58,33.77,12.18,101.93,45.21,Middle East & Africa,Actual,941.2,2022-Q1,12
2022,Q1,Galaxy S21,Flagship,No,9565.0,7863214.26,39.16,30.76,11.22,103.24,46.58,Middle East & Africa,Actual,822.08,2022-Q1,12
2022,Q1,Galaxy S22 5G,Flagship,Yes,12872.0,11165364.84,39.35,30.52,11.85,103.37,47.1,Middle East & Africa,Actual,867.41,2022-Q1,12
2022,Q1,Galaxy Z Flip3 5G,Premium Foldable,Yes,4680.0,7585304.88,39.51,32.06,12.2,101.06,46.84,Middle East & Africa,Actual,1620.79,2022-Q1,12
2022,Q1,Galaxy Z Fold2 5G,Premium Foldable,Yes,300.0,520471.6,38.76,30.27,12.04,98.06,46.6,Middle East & Africa,Actual,1734.91,2022-Q1,12
2022,Q1,Galaxy Z Fold3 5G,Premium Foldable,Yes,4205.0,7291289.48,39.57,29.82,11.13,105.61,47.22,Middle East & Africa,Actual,1733.96,2022-Q1,12
2022,Q1,Galaxy A32 5G,Budget,Yes,16765.0,3565084.21,27.75,51.89,22.34,166.34,67.95,North America,Actual,212.65,2022-Q1,12
2022,Q1,Galaxy A52 5G,Mid,Yes,18263.0,7812226.28,29.16,53.07,23.0,168.09,66.5,North America,Actual,427.76,2022-Q1,12
2022,Q1,Galaxy Note20,Premium,No,1063.0,1037282.48,28.53,52.67,22.94,166.38,68.16,North America,Actual,975.81,2022-Q1,12
2022,Q1,Galaxy S21,Flagship,No,15383.0,12679612.19,27.38,50.46,22.8,165.37,68.27,North America,Actual,824.26,2022-Q1,12
2022,Q1,Galaxy S22 5G,Flagship,Yes,18192.0,14543397.33,28.33,51.95,23.57,160.37,66.31,North America,Actual,799.44,2022-Q1,12
2022,Q1,Galaxy Z Flip3 5G,Premium Foldable,Yes,9915.0,15539973.19,28.58,52.01,23.1,164.37,67.4,North America,Actual,1567.32,2022-Q1,12
2022,Q1,Galaxy Z Fold2 5G,Premium Foldable,Yes,418.0,703464.21,29.25,49.9,22.94,166.63,68.5,North America,Actual,1682.93,2022-Q1,12
2022,Q1,Galaxy Z Fold3 5G,Premium Foldable,Yes,8851.0,14129497.65,27.65,53.47,22.64,160.46,67.84,North America,Actual,1596.37,2022-Q1,12
2022,Q2,Galaxy A32 5G,Budget,Yes,19014.0,4251221.6,36.34,52.48,28.65,174.06,66.79,Asia-Pacific,Actual,223.58,2022-Q2,13
2022,Q2,Galaxy A52 5G,Mid,Yes,10093.0,4344336.89,35.53,49.66,28.28,173.8,66.5,Asia-Pacific,Actual,430.43,2022-Q2,13
2022,Q2,Galaxy A73 5G,Mid,Yes,17404.0,6967401.9,35.7,53.25,27.08,168.75,63.71,Asia-Pacific,Actual,400.33,2022-Q2,13
2022,Q2,Galaxy S21,Flagship,No,4013.0,3168556.64,35.45,53.25,27.7,172.66,66.99,Asia-Pacific,Actual,789.57,2022-Q2,13
2022,Q2,Galaxy S22 5G,Flagship,Yes,22672.0,19717506.34,35.56,54.38,26.81,169.17,66.5,Asia-Pacific,Actual,869.69,2022-Q2,13
2022,Q2,Galaxy Z Flip3 5G,Premium Foldable,Yes,9831.0,16262422.85,35.74,52.82,26.22,166.78,67.35,Asia-Pacific,Actual,1654.2,2022-Q2,13
2022,Q2,Galaxy Z Fold3 5G,Premium Foldable,Yes,10431.0,18217649.44,36.24,53.36,26.3,170.92,66.14,Asia-Pacific,Actual,1746.49,2022-Q2,13
2022,Q2,Galaxy A32 5G,Budget,Yes,12266.0,2695434.5,30.98,46.32,20.84,146.13,61.38,Europe,Actual,219.75,2022-Q2,13
2022,Q2,Galaxy A52 5G,Mid,Yes,10477.0,4319019.44,30.36,46.17,20.99,153.31,61.11,Europe,Actual,412.24,2022-Q2,13
2022,Q2,Galaxy A73 5G,Mid,Yes,17351.0,7338890.01,28.65,45.2,20.97,156.67,60.97,Europe,Actual,422.97,2022-Q2,13
2022,Q2,Galaxy S21,Flagship,No,4827.0,4213380.09,29.91,46.91,22.12,153.31,61.56,Europe,Actual,872.88,2022-Q2,13
2022,Q2,Galaxy S22 5G,Flagship,Yes,22569.0,18430920.11,30.54,47.97,20.81,149.96,61.28,Europe,Actual,816.65,2022-Q2,13
2022,Q2,Galaxy Z Flip3 5G,Premium Foldable,Yes,6646.0,10627952.12,29.31,45.59,21.34,152.56,63.16,Europe,Actual,1599.15,2022-Q2,13
2022,Q2,Galaxy Z Fold3 5G,Premium Foldable,Yes,7404.0,11990881.87,30.1,46.48,21.1,152.43,60.48,Europe,Actual,1619.51,2022-Q2,13
2022,Q2,Galaxy A32 5G,Budget,Yes,19173.0,4135437.03,37.44,37.29,15.66,119.64,52.74,Latin America,Actual,215.69,2022-Q2,13
2022,Q2,Galaxy A52 5G,Mid,Yes,240380.0,4819374.07,38.27,37.86,14.74,117.85,53.03,Latin America,Actual,20.05,2022-Q2,13
2022,Q2,Galaxy A73 5G,Mid,Yes,15876.0,7242926.96,36.76,38.82,18.16,119.52,52.12,Latin America,Actual,456.22,2022-Q2,13
2022,Q2,Galaxy S21,Flagship,No,3393.0,2724964.6,38.68,37.46,14.62,114.87,51.06,Latin America,Actual,803.11,2022-Q2,13
2022,Q2,Galaxy S22 5G,Flagship,Yes,17201.0,14994260.73,37.82,36.21,15.26,120.71,51.92,Latin America,Actual,871.71,2022-Q2,13
2022,Q2,Galaxy Z Flip3 5G,Premium Foldable,Yes,3295.0,5572185.35,37.81,37.52,15.13,119.67,53.18,Latin America,Actual,1691.1,2022-Q2,13
2022,Q2,Galaxy Z Fold3 5G,Premium Foldable,Yes,3553.0,5483658.73,37.96,38.89,16.85,113.18,51.46,Latin America,Actual,1543.39,2022-Q2,13
2022,Q2,Galaxy A32 5G,Budget,Yes,22557.0,4855443.35,38.62,35.24,13.61,110.15,47.28,Middle East & Africa,Actual,215.25,2022-Q2,13
2022,Q2,Galaxy A52 5G,Mid,Yes,10782.0,4578986.2,38.78,32.59,14.58,100.09,48.97,Middle East & Africa,Actual,424.69,2022-Q2,13
2022,Q2,Galaxy A73 5G,Mid,Yes,17288.0,6710153.12,39.0,33.64,12.36,105.23,47.55,Middle East & Africa,Actual,388.14,2022-Q2,13
2022,Q2,Galaxy S21,Flagship,No,3251.0,2740259.21,39.04,32.97,13.22,108.95,47.91,Middle East & Africa,Actual,842.9,2022-Q2,13
2022,Q2,Galaxy S22 5G,Flagship,Yes,17982.0,15707513.95,39.79,32.51,13.23,103.22,48.45,Middle East & Africa,Actual,873.51,2022-Q2,13
2022,Q2,Galaxy Z Flip3 5G,Premium Foldable,Yes,3983.0,6725194.2,39.85,35.2,11.95,104.07,46.58,Middle East & Africa,Actual,1688.47,2022-Q2,13
2022,Q2,Galaxy Z Fold3 5G,Premium Foldable,Yes,3827.0,6096527.2,39.58,32.7,12.56,107.38,47.86,Middle East & Africa,Actual,1593.03,2022-Q2,13
2022,Q2,Galaxy A32 5G,Budget,Yes,9211.0,2000851.29,28.42,54.68,24.9,173.11,68.54,North America,Actual,217.22,2022-Q2,13
2022,Q2,Galaxy A52 5G,Mid,Yes,9332.0,4132223.72,28.02,54.97,24.95,169.49,70.84,North America,Actual,442.8,2022-Q2,13
2022,Q2,Galaxy A73 5G,Mid,Yes,14562.0,6256001.47,27.9,55.45,23.53,167.29,68.01,North America,Actual,429.61,2022-Q2,13
2022,Q2,Galaxy S21,Flagship,No,5684.0,5354399.62,29.2,54.71,25.13,177.98,67.95,North America,Actual,942.01,2022-Q2,13
2022,Q2,Galaxy S22 5G,Flagship,Yes,30777.0,24809885.5,28.42,55.47,24.91,177.21,69.9,North America,Actual,806.12,2022-Q2,13
2022,Q2,Galaxy Z Flip3 5G,Premium Foldable,Yes,8392.0,13775312.6,28.4,55.39,23.84,178.47,68.28,North America,Actual,1641.48,2022-Q2,13
2022,Q2,Galaxy Z Fold3 5G,Premium Foldable,Yes,8870.0,15458273.68,28.16,55.05,25.14,175.54,66.67,North America,Actual,1742.76,2022-Q2,13
2022,Q3,Galaxy A32 5G,Budget,Yes,8168.0,1755215.07,36.48,55.57,28.09,179.97,66.5,Asia-Pacific,Actual,214.89,2022-Q3,14
2022,Q3,Galaxy A52 5G,Mid,Yes,4586.0,1907115.13,36.21,55.94,29.13,180.94,67.92,Asia-Pacific,Actual,415.86,2022-Q3,14
2022,Q3,Galaxy A73 5G,Mid,Yes,27135.0,11600959.42,36.69,55.1,29.55,177.65,67.62,Asia-Pacific,Actual,427.53,2022-Q3,14
2022,Q3,Galaxy S21,Flagship,No,1195.0,1075347.8,36.41,55.3,29.24,180.47,69.01,Asia-Pacific,Actual,899.87,2022-Q3,14
2022,Q3,Galaxy S22 5G,Flagship,Yes,23481.0,20805279.09,35.53,54.53,29.08,176.15,68.0,Asia-Pacific,Actual,886.05,2022-Q3,14
2022,Q3,Galaxy Z Flip3 5G,Premium Foldable,Yes,7738.0,11741393.32,36.83,55.51,28.3,179.46,67.08,Asia-Pacific,Actual,1517.37,2022-Q3,14
2022,Q3,Galaxy Z Fold3 5G,Premium Foldable,Yes,7453.0,11940791.21,35.69,54.6,29.21,176.85,67.33,Asia-Pacific,Actual,1602.15,2022-Q3,14
2022,Q3,Galaxy A32 5G,Budget,Yes,4699.0,1051903.72,30.48,50.73,22.91,157.97,62.0,Europe,Actual,223.86,2022-Q3,14
2022,Q3,Galaxy A52 5G,Mid,Yes,4261.0,1702675.18,30.41,47.93,22.14,162.84,64.12,Europe,Actual,399.6,2022-Q3,14
2022,Q3,Galaxy A73 5G,Mid,Yes,25793.0,10969686.77,31.18,47.54,22.56,159.42,63.75,Europe,Actual,425.3,2022-Q3,14
2022,Q3,Galaxy S21,Flagship,No,1306.0,1012368.86,30.41,48.77,24.16,160.72,64.7,Europe,Actual,775.17,2022-Q3,14
2022,Q3,Galaxy S22 5G,Flagship,Yes,28036.0,24639818.99,29.79,46.04,22.66,155.31,63.35,Europe,Actual,878.86,2022-Q3,14
2022,Q3,Galaxy Z Flip3 5G,Premium Foldable,Yes,5271.0,8002193.64,29.07,50.24,22.34,159.2,61.58,Europe,Actual,1518.15,2022-Q3,14
2022,Q3,Galaxy Z Fold3 5G,Premium Foldable,Yes,4989.0,8673479.72,30.41,49.46,23.01,160.11,62.24,Europe,Actual,1738.52,2022-Q3,14
2022,Q3,Galaxy A32 5G,Budget,Yes,8503.0,2048361.66,38.41,40.96,16.76,125.23,54.31,Latin America,Actual,240.9,2022-Q3,14
2022,Q3,Galaxy A52 5G,Mid,Yes,4789.0,2063291.53,37.29,39.45,17.21,126.86,54.12,Latin America,Actual,430.84,2022-Q3,14
2022,Q3,Galaxy A73 5G,Mid,Yes,27292.0,10952987.63,38.05,40.46,17.42,126.96,54.78,Latin America,Actual,401.33,2022-Q3,14
2022,Q3,Galaxy S21,Flagship,No,731.0,614856.17,38.57,40.66,16.82,126.02,54.49,Latin America,Actual,841.12,2022-Q3,14
2022,Q3,Galaxy S22 5G,Flagship,Yes,18773.0,14731889.94,37.94,39.8,17.09,125.01,53.93,Latin America,Actual,784.74,2022-Q3,14
2022,Q3,Galaxy Z Flip3 5G,Premium Foldable,Yes,2317.0,3826710.15,38.4,42.63,16.5,124.57,51.84,Latin America,Actual,1651.58,2022-Q3,14
2022,Q3,Galaxy Z Fold3 5G,Premium Foldable,Yes,2381.0,3916775.43,39.54,39.26,17.33,124.91,51.82,Latin America,Actual,1645.01,2022-Q3,14
2022,Q3,Galaxy A32 5G,Budget,Yes,9217.0,1973464.68,39.18,34.23,12.3,111.64,49.6,Middle East & Africa,Actual,214.11,2022-Q3,14
2022,Q3,Galaxy A52 5G,Mid,Yes,4348.0,1858250.03,38.88,35.92,14.31,114.26,49.6,Middle East & Africa,Actual,427.38,2022-Q3,14
2022,Q3,Galaxy A73 5G,Mid,Yes,22687.0,9341556.17,39.83,36.45,13.46,110.19,50.27,Middle East & Africa,Actual,411.76,2022-Q3,14
2022,Q3,Galaxy S21,Flagship,No,852.0,727265.63,38.75,34.7,13.84,117.01,49.39,Middle East & Africa,Actual,853.6,2022-Q3,14
2022,Q3,Galaxy S22 5G,Flagship,Yes,20577.0,17782418.05,39.71,36.13,13.58,111.27,47.78,Middle East & Africa,Actual,864.19,2022-Q3,14
2022,Q3,Galaxy Z Flip3 5G,Premium Foldable,Yes,2558.0,4018858.45,38.88,35.99,14.03,111.43,50.6,Middle East & Africa,Actual,1571.09,2022-Q3,14
2022,Q3,Galaxy Z Fold3 5G,Premium Foldable,Yes,2661.0,4270004.35,38.46,36.23,14.8,117.16,48.19,Middle East & Africa,Actual,1604.66,2022-Q3,14
2022,Q3,Galaxy A32 5G,Budget,Yes,3692.0,757577.07,28.52,58.14,26.12,183.76,69.34,North America,Actual,205.19,2022-Q3,14
2022,Q3,Galaxy A52 5G,Mid,Yes,3900.0,1653948.89,28.31,57.57,26.24,183.78,70.73,North America,Actual,424.09,2022-Q3,14
2022,Q3,Galaxy A73 5G,Mid,Yes,24145.0,10052769.81,27.96,58.71,26.29,187.55,70.29,North America,Actual,416.35,2022-Q3,14
2022,Q3,Galaxy S21,Flagship,No,1546.0,1395461.39,28.51,56.24,26.08,180.05,70.15,North America,Actual,902.63,2022-Q3,14
2022,Q3,Galaxy S22 5G,Flagship,Yes,34371.0,28428227.33,27.66,58.46,26.75,179.91,70.23,North America,Actual,827.1,2022-Q3,14
2022,Q3,Galaxy Z Flip3 5G,Premium Foldable,Yes,6110.0,10773518.59,28.41,60.23,26.19,181.43,69.61,North America,Actual,1763.26,2022-Q3,14
2022,Q3,Galaxy Z Fold3 5G,Premium Foldable,Yes,6397.0,9901870.56,28.54,58.4,26.85,182.23,70.07,North America,Actual,1547.89,2022-Q3,14
2022,Q4,Galaxy A32 5G,Budget,Yes,2485.0,539605.29,36.35,58.9,30.24,189.63,69.19,Asia-Pacific,Actual,217.14,2022-Q4,15
2022,Q4,Galaxy A52 5G,Mid,Yes,1381.0,575828.81,37.04,58.47,30.05,187.01,68.12,Asia-Pacific,Actual,416.97,2022-Q4,15
2022,Q4,Galaxy A73 5G,Mid,Yes,30309.0,12784014.88,37.0,57.94,30.69,186.93,69.64,Asia-Pacific,Actual,421.79,2022-Q4,15
2022,Q4,Galaxy S22 5G,Flagship,Yes,24032.0,21541483.77,37.26,59.8,31.3,189.37,67.69,Asia-Pacific,Actual,896.37,2022-Q4,15
2022,Q4,Galaxy Z Flip3 5G,Premium Foldable,Yes,3298.0,5606179.55,36.68,60.28,30.5,186.56,69.36,Asia-Pacific,Actual,1699.87,2022-Q4,15
2022,Q4,Galaxy Z Fold3 5G,Premium Foldable,Yes,3610.0,5751081.83,36.92,58.04,29.35,187.58,68.95,Asia-Pacific,Actual,1593.1,2022-Q4,15
2022,Q4,Galaxy A32 5G,Budget,Yes,1558.0,315059.67,31.6,50.73,23.82,167.44,64.15,Europe,Actual,202.22,2022-Q4,15
2022,Q4,Galaxy A52 5G,Mid,Yes,1394.0,579805.93,31.06,49.07,23.44,165.19,63.74,Europe,Actual,415.93,2022-Q4,15
2022,Q4,Galaxy A73 5G,Mid,Yes,27640.0,11130219.0,29.93,53.1,24.68,166.79,65.43,Europe,Actual,402.69,2022-Q4,15
2022,Q4,Galaxy S22 5G,Flagship,Yes,26400.0,22147008.01,31.44,50.02,23.16,169.0,66.03,Europe,Actual,838.9,2022-Q4,15
2022,Q4,Galaxy Z Flip3 5G,Premium Foldable,Yes,2587.0,4550552.62,30.35,50.57,23.89,169.73,63.85,Europe,Actual,1759.01,2022-Q4,15
2022,Q4,Galaxy Z Fold3 5G,Premium Foldable,Yes,2408.0,3961086.69,30.7,51.68,23.63,166.51,65.47,Europe,Actual,1644.97,2022-Q4,15
2022,Q4,Galaxy A32 5G,Budget,Yes,2552.0,563406.5,37.57,41.22,17.94,135.13,55.45,Latin America,Actual,220.77,2022-Q4,15
2022,Q4,Galaxy A52 5G,Mid,Yes,1478.0,662992.12,38.04,40.1,18.04,126.28,55.14,Latin America,Actual,448.57,2022-Q4,15
2022,Q4,Galaxy A73 5G,Mid,Yes,33770.0,13778923.92,37.83,41.87,17.84,133.67,53.44,Latin America,Actual,408.02,2022-Q4,15
2022,Q4,Galaxy S22 5G,Flagship,Yes,15799.0,12718138.56,38.58,43.56,19.17,130.37,53.91,Latin America,Actual,805.0,2022-Q4,15
2022,Q4,Galaxy Z Flip3 5G,Premium Foldable,Yes,1271.0,1890569.84,39.05,41.78,17.59,133.02,52.63,Latin America,Actual,1487.47,2022-Q4,15
2022,Q4,Galaxy Z Fold3 5G,Premium Foldable,Yes,1250.0,2119103.65,39.97,43.99,18.29,126.03,53.91,Latin America,Actual,1695.28,2022-Q4,15
2022,Q4,Galaxy A32 5G,Budget,Yes,2804.0,609096.41,40.05,36.39,14.8,120.43,50.24,Middle East & Africa,Actual,217.22,2022-Q4,15
2022,Q4,Galaxy A52 5G,Mid,Yes,1337.0,547736.33,38.56,33.88,15.24,122.9,50.18,Middle East & Africa,Actual,409.68,2022-Q4,15
2022,Q4,Galaxy A73 5G,Mid,Yes,34128.0,14986922.73,38.26,37.82,13.68,117.29,48.09,Middle East & Africa,Actual,439.14,2022-Q4,15
2022,Q4,Galaxy S22 5G,Flagship,Yes,17745.0,14717250.54,40.24,39.86,15.3,120.53,50.0,Middle East & Africa,Actual,829.37,2022-Q4,15
2022,Q4,Galaxy Z Flip3 5G,Premium Foldable,Yes,1463.0,2496786.92,39.89,37.35,13.93,120.43,50.73,Middle East & Africa,Actual,1706.62,2022-Q4,15
2022,Q4,Galaxy Z Fold3 5G,Premium Foldable,Yes,1481.0,2339623.03,39.2,37.35,13.17,117.76,50.33,Middle East & Africa,Actual,1579.76,2022-Q4,15
2022,Q4,Galaxy A32 5G,Budget,Yes,1169.0,261902.95,28.94,61.24,27.68,193.26,70.06,North America,Actual,224.04,2022-Q4,15
2022,Q4,Galaxy A52 5G,Mid,Yes,1118.0,485037.77,28.02,75.13,28.0,190.64,69.11,North America,Actual,433.84,2022-Q4,15
2022,Q4,Galaxy A73 5G,Mid,Yes,27845.0,12584300.79,26.71,60.28,28.47,193.62,69.37,North America,Actual,451.94,2022-Q4,15
2022,Q4,Galaxy S22 5G,Flagship,Yes,30468.0,25442757.22,29.71,61.73,28.09,192.44,71.25,North America,Actual,835.06,2022-Q4,15
2022,Q4,Galaxy Z Flip3 5G,Premium Foldable,Yes,3297.0,6011179.58,29.03,59.96,27.74,190.8,70.53,North America,Actual,1823.23,2022-Q4,15
2022,Q4,Galaxy Z Fold3 5G,Premium Foldable,Yes,3248.0,5570988.05,28.2,62.23,27.83,192.44,69.74,North America,Actual,1715.21,2022-Q4,15
2023,Q1,Galaxy A14 5G,Budget,Yes,32669.0,7393360.22,36.84,63.02,33.56,195.71,71.12,Asia-Pacific,Actual,226.31,2023-Q1,16
2023,Q1,Galaxy A73 5G,Mid,Yes,30246.0,13511475.68,36.62,62.92,32.32,197.63,69.75,Asia-Pacific,Actual,446.72,2023-Q1,16
2023,Q1,Galaxy S22 5G,Flagship,Yes,15648.0,13077919.97,37.3,63.42,33.39,193.36,71.16,Asia-Pacific,Actual,835.76,2023-Q1,16
2023,Q1,Galaxy S23 5G,Flagship,Yes,12972.0,10343994.32,37.07,60.96,31.58,194.88,67.69,Asia-Pacific,Actual,797.41,2023-Q1,16
2023,Q1,Galaxy Z Flip3 5G,Premium Foldable,Yes,1502.0,2366927.17,36.62,62.1,33.17,191.31,72.58,Asia-Pacific,Actual,1575.85,2023-Q1,16
2023,Q1,Galaxy Z Fold3 5G,Premium Foldable,Yes,1542.0,2597742.32,36.67,64.98,32.75,195.06,70.97,Asia-Pacific,Actual,1684.66,2023-Q1,16
2023,Q1,Galaxy A14 5G,Budget,Yes,18378.0,3946600.12,31.02,52.23,25.17,172.59,65.89,Europe,Actual,214.75,2023-Q1,16
2023,Q1,Galaxy A73 5G,Mid,Yes,503980.0,10624581.06,32.05,55.42,25.27,175.22,66.6,Europe,Actual,21.08,2023-Q1,16
2023,Q1,Galaxy A73 5G,Mid,Yes,25199.0,10624581.06,32.05,55.42,25.27,175.22,66.6,Europe,Actual,421.63,2023-Q1,16
2023,Q1,Galaxy S22 5G,Flagship,Yes,17621.0,16292512.58,29.08,53.24,25.63,171.55,66.24,Europe,Actual,924.61,2023-Q1,16
2023,Q1,Galaxy S23 5G,Flagship,Yes,15640.0,12665362.59,29.91,51.5,25.34,175.47,65.61,Europe,Actual,809.81,2023-Q1,16
2023,Q1,Galaxy Z Flip3 5G,Premium Foldable,Yes,1134.0,1911959.08,29.85,54.04,23.84,173.74,66.89,Europe,Actual,1686.03,2023-Q1,16
2023,Q1,Galaxy Z Fold3 5G,Premium Foldable,Yes,1123.0,1787209.2,30.35,53.25,24.65,177.76,66.98,Europe,Actual,1591.46,2023-Q1,16
2023,Q1,Galaxy A14 5G,Budget,Yes,35645.0,7694354.37,37.53,44.65,20.33,127.21,55.24,Latin America,Actual,215.86,2023-Q1,16
2023,Q1,Galaxy A73 5G,Mid,Yes,27909.0,11479370.35,38.43,44.39,17.96,135.53,56.13,Latin America,Actual,411.31,2023-Q1,16
2023,Q1,Galaxy S22 5G,Flagship,Yes,11531.0,9429740.6,39.22,44.24,18.83,135.78,55.65,Latin America,Actual,817.77,2023-Q1,16
2023,Q1,Galaxy S23 5G,Flagship,Yes,9199.0,7623123.07,38.64,43.22,18.65,132.99,56.58,Latin America,Actual,828.69,2023-Q1,16
2023,Q1,Galaxy Z Flip3 5G,Premium Foldable,Yes,435.0,729221.5,38.52,44.39,19.82,138.04,54.73,Latin America,Actual,1676.37,2023-Q1,16
2023,Q1,Galaxy Z Fold3 5G,Premium Foldable,Yes,449.0,719929.36,37.52,44.54,19.36,143.28,55.49,Latin America,Actual,1603.41,2023-Q1,16
2023,Q1,Galaxy A14 5G,Budget,Yes,38029.0,8439705.79,39.45,38.19,15.49,128.69,52.9,Middle East & Africa,Actual,221.93,2023-Q1,16
2023,Q1,Galaxy A73 5G,Mid,Yes,29044.0,11911129.77,40.57,40.27,14.47,124.46,49.86,Middle East & Africa,Actual,410.11,2023-Q1,16
2023,Q1,Galaxy S22 5G,Flagship,Yes,12427.0,10696658.59,38.76,40.35,15.94,124.46,51.83,Middle East & Africa,Actual,860.76,2023-Q1,16
2023,Q1,Galaxy S23 5G,Flagship,Yes,11444.0,9347934.55,40.03,40.22,14.74,124.57,52.18,Middle East & Africa,Actual,816.84,2023-Q1,16
2023,Q1,Galaxy Z Flip3 5G,Premium Foldable,Yes,623.0,972068.28,39.14,39.5,14.99,121.54,51.55,Middle East & Africa,Actual,1560.3,2023-Q1,16
2023,Q1,Galaxy Z Fold3 5G,Premium Foldable,Yes,638.0,1006997.41,40.05,42.11,16.52,117.36,49.61,Middle East & Africa,Actual,1578.37,2023-Q1,16
2023,Q1,Galaxy A14 5G,Budget,Yes,14334.0,3403965.16,27.83,61.65,29.23,197.62,72.69,North America,Actual,237.47,2023-Q1,16
2023,Q1,Galaxy A73 5G,Mid,Yes,24457.0,9691470.76,29.04,63.55,29.53,195.12,70.75,North America,Actual,396.27,2023-Q1,16
2023,Q1,Galaxy S22 5G,Flagship,Yes,21192.0,18515893.94,28.81,65.06,29.88,199.24,73.25,North America,Actual,873.72,2023-Q1,16
2023,Q1,Galaxy S23 5G,Flagship,Yes,18427.0,15118975.46,28.67,64.79,29.87,196.18,72.71,North America,Actual,820.48,2023-Q1,16
2023,Q1,Galaxy Z Flip3 5G,Premium Foldable,Yes,1228.0,2024975.27,27.8,62.97,30.51,197.62,73.32,North America,Actual,1649.0,2023-Q1,16
2023,Q1,Galaxy Z Fold3 5G,Premium Foldable,Yes,1420.0,2235375.88,28.96,65.67,29.04,199.42,71.27,North America,Actual,1574.21,2023-Q1,16
2023,Q2,Galaxy A14 5G,Budget,Yes,46345.0,10154668.55,35.92,63.81,33.77,203.14,72.33,Asia-Pacific,Actual,219.11,2023-Q2,17
2023,Q2,Galaxy A73 5G,Mid,Yes,22127.0,8587350.02,36.66,65.89,33.55,200.31,70.91,Asia-Pacific,Actual,388.09,2023-Q2,17
2023,Q2,Galaxy S22 5G,Flagship,Yes,8576.0,7017487.12,37.21,64.26,33.78,202.95,72.65,Asia-Pacific,Actual,818.27,2023-Q2,17
2023,Q2,Galaxy S23 5G,Flagship,Yes,21574.0,18991024.63,37.52,62.86,35.0,207.18,73.09,Asia-Pacific,Actual,880.27,2023-Q2,17
2023,Q2,Galaxy Z Flip3 5G,Premium Foldable,Yes,417.0,664740.08,36.07,65.12,34.18,206.5,71.05,Asia-Pacific,Actual,1594.1,2023-Q2,17
2023,Q2,Galaxy Z Fold3 5G,Premium Foldable,Yes,440.0,729110.44,37.04,61.14,34.45,205.48,72.2,Asia-Pacific,Actual,1657.07,2023-Q2,17
2023,Q2,Galaxy A14 5G,Budget,Yes,26673.0,5716893.38,31.53,55.84,26.76,181.42,64.9,Europe,Actual,214.33,2023-Q2,17
2023,Q2,Galaxy A73 5G,Mid,Yes,18797.0,6912505.13,29.58,55.73,26.49,183.85,66.85,Europe,Actual,367.75,2023-Q2,17
2023,Q2,Galaxy S22 5G,Flagship,Yes,9245.0,7719975.72,30.99,57.25,26.17,178.89,66.85,Europe,Actual,835.04,2023-Q2,17
2023,Q2,Galaxy S23 5G,Flagship,Yes,22803.0,18726455.39,30.96,56.42,27.57,183.17,67.93,Europe,Actual,821.23,2023-Q2,17
2023,Q2,Galaxy Z Flip3 5G,Premium Foldable,Yes,335.0,567190.98,31.55,58.29,26.32,182.76,68.48,Europe,Actual,1693.11,2023-Q2,17
2023,Q2,Galaxy Z Fold3 5G,Premium Foldable,Yes,421.0,656028.61,30.56,56.25,26.77,181.6,66.05,Europe,Actual,1558.26,2023-Q2,17
2023,Q2,Galaxy A14 5G,Budget,Yes,50791.0,11155896.75,39.28,47.9,20.0,137.21,56.18,Latin America,Actual,219.64,2023-Q2,17
2023,Q2,Galaxy A73 5G,Mid,Yes,402660.0,8527930.89,37.97,62.64,20.47,142.18,56.12,Latin America,Actual,21.18,2023-Q2,17
2023,Q2,Galaxy S22 5G,Flagship,Yes,5853.0,4872315.76,37.9,45.54,20.56,142.54,56.64,Latin America,Actual,832.45,2023-Q2,17
2023,Q2,Galaxy S23 5G,Flagship,Yes,14265.0,13136025.46,37.9,48.1,20.91,143.35,58.0,Latin America,Actual,920.86,2023-Q2,17
2023,Q2,Galaxy Z Flip3 5G,Premium Foldable,Yes,300.0,485496.71,38.61,48.78,20.83,137.49,57.75,Latin America,Actual,1618.32,2023-Q2,17
2023,Q2,Galaxy Z Fold3 5G,Premium Foldable,Yes,300.0,493685.26,39.24,48.3,20.42,147.28,57.38,Latin America,Actual,1645.62,2023-Q2,17
2023,Q2,Galaxy A14 5G,Budget,Yes,53130.0,11480149.52,39.21,42.31,16.27,130.95,54.34,Middle East & Africa,Actual,216.08,2023-Q2,17
2023,Q2,Galaxy A73 5G,Mid,Yes,19047.0,8285574.63,38.95,41.45,15.95,128.97,53.01,Middle East & Africa,Actual,435.01,2023-Q2,17
2023,Q2,Galaxy S22 5G,Flagship,Yes,6785.0,5854078.07,38.97,41.66,15.23,130.22,54.18,Middle East & Africa,Actual,862.8,2023-Q2,17
2023,Q2,Galaxy S23 5G,Flagship,Yes,16854.0,14842692.03,40.44,42.58,15.99,123.53,54.18,Middle East & Africa,Actual,880.66,2023-Q2,17
2023,Q2,Galaxy Z Flip3 5G,Premium Foldable,Yes,300.0,516969.47,39.68,44.09,16.19,130.32,55.51,Middle East & Africa,Actual,1723.23,2023-Q2,17
2023,Q2,Galaxy Z Fold3 5G,Premium Foldable,Yes,300.0,493427.77,40.26,43.02,16.18,124.54,51.77,Middle East & Africa,Actual,1644.76,2023-Q2,17
2023,Q2,Galaxy A14 5G,Budget,Yes,18354.0,4031362.74,28.73,64.63,31.79,202.15,73.1,North America,Actual,219.64,2023-Q2,17
2023,Q2,Galaxy A73 5G,Mid,Yes,16391.0,7281405.33,27.0,65.36,30.92,209.6,74.35,North America,Actual,444.23,2023-Q2,17
2023,Q2,Galaxy S22 5G,Flagship,Yes,11120.0,9328588.22,28.59,64.04,31.05,205.15,73.31,North America,Actual,838.9,2023-Q2,17
2023,Q2,Galaxy S23 5G,Flagship,Yes,25068.0,20911135.0,30.07,65.16,31.63,200.36,72.26,North America,Actual,834.18,2023-Q2,17
2023,Q2,Galaxy Z Flip3 5G,Premium Foldable,Yes,427.0,683501.21,29.42,64.72,31.67,207.39,73.1,North America,Actual,1600.71,2023-Q2,17
2023,Q2,Galaxy Z Fold3 5G,Premium Foldable,Yes,454.0,781253.29,28.14,66.21,30.6,204.78,72.9,North America,Actual,1720.82,2023-Q2,17
2023,Q3,Galaxy A14 5G,Budget,Yes,49290.0,11018913.55,37.59,66.45,35.3,213.15,73.85,Asia-Pacific,Actual,223.55,2023-Q3,18
2023,Q3,Galaxy A73 5G,Mid,Yes,9983.0,4044130.66,35.65,68.59,36.32,214.28,73.46,Asia-Pacific,Actual,405.1,2023-Q3,18
2023,Q3,Galaxy S22 5G,Flagship,Yes,3144.0,2661630.26,36.99,70.43,35.54,209.99,74.15,Asia-Pacific,Actual,846.57,2023-Q3,18
2023,Q3,Galaxy S23 5G,Flagship,Yes,24170.0,19674593.52,36.25,68.11,35.77,215.09,75.17,Asia-Pacific,Actual,814.01,2023-Q3,18
2023,Q3,Galaxy Z Flip5 5G,Premium Foldable,Yes,6016.0,11536011.9,36.02,65.62,36.21,206.6,74.08,Asia-Pacific,Actual,1917.56,2023-Q3,18
2023,Q3,Galaxy A14 5G,Budget,Yes,28349.0,6393555.44,31.06,59.37,28.97,191.27,68.2,Europe,Actual,225.53,2023-Q3,18
2023,Q3,Galaxy A73 5G,Mid,Yes,8975.0,3830112.28,30.56,59.18,27.88,189.72,68.67,Europe,Actual,426.75,2023-Q3,18
2023,Q3,Galaxy S22 5G,Flagship,Yes,3417.0,2863949.86,31.9,59.78,28.1,191.11,69.48,Europe,Actual,838.15,2023-Q3,18
2023,Q3,Galaxy S23 5G,Flagship,Yes,30438.0,25888469.31,30.03,59.03,28.31,186.24,70.01,Europe,Actual,850.53,2023-Q3,18
2023,Q3,Galaxy Z Flip5 5G,Premium Foldable,Yes,3822.0,6576844.75,30.43,59.5,27.48,193.21,69.5,Europe,Actual,1720.79,2023-Q3,18
2023,Q3,Galaxy A14 5G,Budget,Yes,57909.0,14057234.27,36.94,48.24,20.6,146.25,60.03,Latin America,Actual,242.75,2023-Q3,18
2023,Q3,Galaxy A73 5G,Mid,Yes,12360.0,5243716.46,39.49,49.42,20.54,150.08,58.63,Latin America,Actual,424.25,2023-Q3,18
2023,Q3,Galaxy S22 5G,Flagship,Yes,2733.0,2315848.08,38.95,49.34,22.32,147.84,56.99,Latin America,Actual,847.36,2023-Q3,18
2023,Q3,Galaxy S23 5G,Flagship,Yes,18737.0,15342621.22,40.16,47.4,21.76,147.48,59.46,Latin America,Actual,818.84,2023-Q3,18
2023,Q3,Galaxy Z Flip5 5G,Premium Foldable,Yes,1962.0,3211504.83,37.94,46.98,21.23,150.38,58.55,Latin America,Actual,1636.85,2023-Q3,18
2023,Q3,Galaxy A14 5G,Budget,Yes,57460.0,13965898.84,38.52,42.54,17.14,139.57,55.1,Middle East & Africa,Actual,243.05,2023-Q3,18
2023,Q3,Galaxy A73 5G,Mid,Yes,10204.0,4232424.29,40.6,42.92,17.53,136.33,52.89,Middle East & Africa,Actual,414.78,2023-Q3,18
2023,Q3,Galaxy S22 5G,Flagship,Yes,2817.0,2365311.46,40.19,42.36,18.14,131.23,51.9,Middle East & Africa,Actual,839.66,2023-Q3,18
2023,Q3,Galaxy S23 5G,Flagship,Yes,22311.0,19312933.57,39.76,41.57,17.58,134.89,54.2,Middle East & Africa,Actual,865.62,2023-Q3,18
2023,Q3,Galaxy Z Flip5 5G,Premium Foldable,Yes,2564.0,4020096.24,39.4,42.18,17.39,135.56,52.89,Middle East & Africa,Actual,1567.9,2023-Q3,18
2023,Q3,Galaxy A14 5G,Budget,Yes,28183.0,5658469.96,28.76,69.2,32.44,217.66,74.67,North America,Actual,200.78,2023-Q3,18
2023,Q3,Galaxy A73 5G,Mid,Yes,9165.0,3617928.29,28.63,67.66,32.47,211.43,76.93,North America,Actual,394.75,2023-Q3,18
2023,Q3,Galaxy S22 5G,Flagship,Yes,5236.0,4379113.85,28.3,69.7,32.42,214.87,74.65,North America,Actual,836.35,2023-Q3,18
2023,Q3,Galaxy S23 5G,Flagship,Yes,31225.0,29077822.59,29.55,69.54,31.58,212.75,75.16,North America,Actual,931.24,2023-Q3,18
2023,Q3,Galaxy Z Flip5 5G,Premium Foldable,Yes,4937.0,7418454.81,30.18,68.38,33.82,216.99,75.09,North America,Actual,1502.62,2023-Q3,18
2023,Q4,Galaxy A14 5G,Budget,Yes,50274.0,11862704.11,38.0,70.91,37.2,221.35,74.59,Asia-Pacific,Actual,235.96,2023-Q4,19
2023,Q4,Galaxy A73 5G,Mid,Yes,4656.0,1949987.0,37.76,70.27,37.19,218.15,73.43,Asia-Pacific,Actual,418.81,2023-Q4,19
2023,Q4,Galaxy S22 5G,Flagship,Yes,1165.0,915157.24,36.86,72.38,37.2,228.16,77.03,Asia-Pacific,Actual,785.54,2023-Q4,19
2023,Q4,Galaxy S23 5G,Flagship,Yes,23008.0,19601783.33,37.13,69.04,38.16,225.06,74.69,Asia-Pacific,Actual,851.96,2023-Q4,19
2023,Q4,Galaxy Z Flip5 5G,Premium Foldable,Yes,8847.0,14837757.63,36.93,67.49,36.42,225.79,75.58,Asia-Pacific,Actual,1677.15,2023-Q4,19
2023,Q4,Galaxy A14 5G,Budget,Yes,26343.0,5786105.95,30.88,60.76,31.11,198.54,68.93,Europe,Actual,219.64,2023-Q4,19
2023,Q4,Galaxy A73 5G,Mid,Yes,4311.0,1746624.31,30.38,62.94,29.52,199.25,71.54,Europe,Actual,405.16,2023-Q4,19
2023,Q4,Galaxy S22 5G,Flagship,Yes,1363.0,1128821.82,30.58,60.74,29.73,194.19,71.33,Europe,Actual,828.19,2023-Q4,19
2023,Q4,Galaxy S23 5G,Flagship,Yes,24087.0,21861513.41,31.29,61.14,30.03,200.14,69.63,Europe,Actual,907.61,2023-Q4,19
2023,Q4,Galaxy Z Flip5 5G,Premium Foldable,Yes,7029.0,11738766.63,30.89,61.79,30.09,195.06,70.49,Europe,Actual,1670.05,2023-Q4,19
2023,Q4,Galaxy A14 5G,Budget,Yes,50113.0,9817680.99,38.9,51.85,22.54,150.1,59.59,Latin America,Actual,195.91,2023-Q4,19
2023,Q4,Galaxy A73 5G,Mid,Yes,4145.0,1790723.71,39.03,53.68,22.62,151.81,60.77,Latin America,Actual,432.02,2023-Q4,19
2023,Q4,Galaxy S22 5G,Flagship,Yes,826.0,663404.03,38.09,51.42,22.08,154.58,60.88,Latin America,Actual,803.15,2023-Q4,19
2023,Q4,Galaxy S23 5G,Flagship,Yes,16413.0,12449649.48,39.22,51.86,21.88,155.66,59.78,Latin America,Actual,758.52,2023-Q4,19
2023,Q4,Galaxy Z Flip5 5G,Premium Foldable,Yes,2968.0,4705718.62,37.93,53.26,23.0,152.34,60.36,Latin America,Actual,1585.48,2023-Q4,19
2023,Q4,Galaxy A14 5G,Budget,Yes,57586.0,13241566.3,40.43,62.05,18.74,140.19,54.85,Middle East & Africa,Actual,229.94,2023-Q4,19
2023,Q4,Galaxy A73 5G,Mid,Yes,3792.0,1623615.15,39.98,43.66,17.92,138.65,53.64,Middle East & Africa,Actual,428.17,2023-Q4,19
2023,Q4,Galaxy S22 5G,Flagship,Yes,948.0,855315.62,40.12,46.39,17.57,136.98,54.49,Middle East & Africa,Actual,902.23,2023-Q4,19
2023,Q4,Galaxy S23 5G,Flagship,Yes,17896.0,14992523.39,40.24,44.03,17.97,138.51,56.3,Middle East & Africa,Actual,837.76,2023-Q4,19
2023,Q4,Galaxy Z Flip5 5G,Premium Foldable,Yes,3285.0,5396924.04,39.25,43.77,17.36,134.01,55.27,Middle East & Africa,Actual,1642.9,2023-Q4,19
2023,Q4,Galaxy A14 5G,Budget,Yes,25006.0,5195562.07,29.43,70.01,34.81,222.94,77.98,North America,Actual,207.77,2023-Q4,19
2023,Q4,Galaxy A73 5G,Mid,Yes,3704.0,1542160.26,29.63,68.96,34.86,216.55,76.74,North America,Actual,416.35,2023-Q4,19
2023,Q4,Galaxy S22 5G,Flagship,Yes,1398.0,1152183.09,29.79,69.9,34.05,218.71,76.82,North America,Actual,824.17,2023-Q4,19
2023,Q4,Galaxy S23 5G,Flagship,Yes,29613.0,25462336.84,28.36,72.71,33.87,227.82,77.27,North America,Actual,859.84,2023-Q4,19
2023,Q4,Galaxy Z Flip5 5G,Premium Foldable,Yes,9666.0,16170078.12,29.65,85.76,34.43,216.09,75.91,North America,Actual,1672.88,2023-Q4,19
2024,Q1,Galaxy A14 5G,Budget,Yes,33248.0,7010290.79,37.02,74.57,38.24,230.58,77.32,Asia-Pacific,Actual,210.85,2024-Q1,20
2024,Q1,Galaxy A15 5G,Budget,Yes,29162.0,6223672.0,37.12,72.37,37.79,226.76,75.64,Asia-Pacific,Actual,213.42,2024-Q1,20
2024,Q1,Galaxy A73 5G,Mid,Yes,1337.0,544352.19,37.35,72.77,39.99,233.15,76.24,Asia-Pacific,Actual,407.14,2024-Q1,20
2024,Q1,Galaxy S23 5G,Flagship,Yes,16083.0,13678671.06,38.05,70.01,38.28,231.01,78.28,Asia-Pacific,Actual,850.5,2024-Q1,20
2024,Q1,Galaxy S24 5G,Flagship,Yes,14498.0,11043025.08,36.19,72.43,37.76,232.25,75.02,Asia-Pacific,Actual,761.69,2024-Q1,20
2024,Q1,Galaxy Z Flip5 5G,Premium Foldable,Yes,10245.0,17171640.01,37.11,72.61,39.28,226.48,75.96,Asia-Pacific,Actual,1676.1,2024-Q1,20
2024,Q1,Galaxy A14 5G,Budget,Yes,19501.0,4519399.12,31.04,64.06,31.74,202.25,71.3,Europe,Actual,231.75,2024-Q1,20
2024,Q1,Galaxy A15 5G,Budget,Yes,18840.0,4250204.0,30.53,64.24,31.91,205.56,71.54,Europe,Actual,225.59,2024-Q1,20
2024,Q1,Galaxy A73 5G,Mid,Yes,1262.0,541780.44,30.75,63.89,31.9,199.81,71.96,Europe,Actual,429.3,2024-Q1,20
2024,Q1,Galaxy S23 5G,Flagship,Yes,17662.0,14125543.92,31.66,64.06,32.06,206.08,72.53,Europe,Actual,799.77,2024-Q1,20
2024,Q1,Galaxy S24 5G,Flagship,Yes,16622.0,14144687.23,30.18,64.71,30.71,205.56,69.3,Europe,Actual,850.96,2024-Q1,20
2024,Q1,Galaxy Z Flip5 5G,Premium Foldable,Yes,7424.0,11399145.46,31.0,63.61,30.4,205.64,71.84,Europe,Actual,1535.45,2024-Q1,20
2024,Q1,Galaxy A14 5G,Budget,Yes,32709.0,7558345.57,38.96,56.76,24.19,163.78,59.52,Latin America,Actual,231.08,2024-Q1,20
2024,Q1,Galaxy A15 5G,Budget,Yes,29294.0,6485367.76,38.34,52.22,22.58,163.62,60.79,Latin America,Actual,221.39,2024-Q1,20
2024,Q1,Galaxy A73 5G,Mid,Yes,1178.0,492308.61,39.17,52.77,24.01,159.2,61.47,Latin America,Actual,417.92,2024-Q1,20
2024,Q1,Galaxy S23 5G,Flagship,Yes,11197.0,9049998.74,38.87,56.5,23.75,158.92,59.99,Latin America,Actual,808.25,2024-Q1,20
2024,Q1,Galaxy S24 5G,Flagship,Yes,9787.0,8608519.34,37.76,52.82,23.15,159.76,60.39,Latin America,Actual,879.59,2024-Q1,20
2024,Q1,Galaxy Z Flip5 5G,Premium Foldable,Yes,3560.0,5295850.31,37.64,52.54,23.81,157.32,60.39,Latin America,Actual,1487.6,2024-Q1,20
2024,Q1,Galaxy A14 5G,Budget,Yes,37610.0,8597775.0,40.0,47.73,20.23,142.84,55.18,Middle East & Africa,Actual,228.6,2024-Q1,20
2024,Q1,Galaxy A15 5G,Budget,Yes,33532.0,7311398.0,39.21,47.05,18.42,140.9,55.58,Middle East & Africa,Actual,218.04,2024-Q1,20
2024,Q1,Galaxy A73 5G,Mid,Yes,1249.0,501061.97,39.44,48.52,18.57,142.29,56.47,Middle East & Africa,Actual,401.17,2024-Q1,20
2024,Q1,Galaxy S23 5G,Flagship,Yes,13077.0,11728954.67,40.47,50.78,18.07,142.29,56.2,Middle East & Africa,Actual,896.91,2024-Q1,20
2024,Q1,Galaxy S24 5G,Flagship,Yes,12210.0,10026335.15,39.49,47.89,17.89,140.73,58.17,Middle East & Africa,Actual,821.16,2024-Q1,20
2024,Q1,Galaxy Z Flip5 5G,Premium Foldable,Yes,4470.0,6909184.6,40.19,48.97,18.49,146.26,55.01,Middle East & Africa,Actual,1545.68,2024-Q1,20
2024,Q1,Galaxy A14 5G,Budget,Yes,17065.0,3524744.26,28.62,73.02,36.8,236.37,76.93,North America,Actual,206.55,2024-Q1,20
2024,Q1,Galaxy A15 5G,Budget,Yes,14656.0,3381199.54,28.42,73.92,35.09,236.28,78.36,North America,Actual,230.7,2024-Q1,20
2024,Q1,Galaxy A73 5G,Mid,Yes,1237.0,521428.02,29.29,73.57,34.85,232.22,77.86,North America,Actual,421.53,2024-Q1,20
2024,Q1,Galaxy S23 5G,Flagship,Yes,21191.0,17088539.18,28.43,72.62,35.44,231.02,79.14,North America,Actual,806.41,2024-Q1,20
2024,Q1,Galaxy S24 5G,Flagship,Yes,18834.0,16387214.6,28.81,75.97,35.98,227.41,78.36,North America,Actual,870.09,2024-Q1,20
2024,Q1,Galaxy Z Flip5 5G,Premium Foldable,Yes,9706.0,16210163.1,28.47,74.22,35.75,231.76,79.3,North America,Actual,1670.12,2024-Q1,20
2024,Q2,Galaxy A14 5G,Budget,Yes,17492.0,3869669.43,36.89,74.96,40.45,234.45,79.68,Asia-Pacific,Actual,221.23,2024-Q2,21
2024,Q2,Galaxy A15 5G,Budget,Yes,44683.0,8972222.1,36.4,75.14,40.42,237.91,79.33,Asia-Pacific,Actual,200.8,2024-Q2,21
2024,Q2,Galaxy S23 5G,Flagship,Yes,9147.0,7174051.41,37.65,75.9,41.2,235.22,78.01,Asia-Pacific,Actual,784.31,2024-Q2,21
2024,Q2,Galaxy S24 5G,Flagship,Yes,23269.0,18378097.04,37.17,74.96,41.18,243.3,78.34,Asia-Pacific,Actual,789.81,2024-Q2,21
2024,Q2,Galaxy Z Flip5 5G,Premium Foldable,Yes,9333.0,15606799.55,36.28,75.44,39.99,237.31,78.48,Asia-Pacific,Actual,1672.22,2024-Q2,21
2024,Q2,Galaxy A14 5G,Budget,Yes,12165.0,2549457.74,31.64,64.95,32.43,206.57,73.85,Europe,Actual,209.57,2024-Q2,21
2024,Q2,Galaxy A15 5G,Budget,Yes,25949.0,6004581.26,30.9,66.58,31.75,216.16,73.39,Europe,Actual,231.4,2024-Q2,21
2024,Q2,Galaxy S23 5G,Flagship,Yes,8818.0,8105593.02,32.18,67.45,33.14,209.42,73.26,Europe,Actual,919.21,2024-Q2,21
2024,Q2,Galaxy S24 5G,Flagship,Yes,25715.0,21404092.08,30.69,66.85,32.58,207.65,74.27,Europe,Actual,832.36,2024-Q2,21
2024,Q2,Galaxy Z Flip5 5G,Premium Foldable,Yes,6712.0,10854656.36,31.39,66.36,31.55,215.61,72.97,Europe,Actual,1617.2,2024-Q2,21
2024,Q2,Galaxy A14 5G,Budget,Yes,17958.0,3904146.96,38.18,57.22,24.96,164.1,60.76,Latin America,Actual,217.4,2024-Q2,21
2024,Q2,Galaxy A15 5G,Budget,Yes,44097.0,10067436.22,38.32,57.38,25.01,164.79,64.0,Latin America,Actual,228.3,2024-Q2,21
2024,Q2,Galaxy S23 5G,Flagship,Yes,5874.0,5099827.12,38.51,58.21,24.29,165.59,62.98,Latin America,Actual,868.2,2024-Q2,21
2024,Q2,Galaxy S24 5G,Flagship,Yes,15556.0,13526899.38,38.42,59.68,24.16,167.18,62.2,Latin America,Actual,869.56,2024-Q2,21
2024,Q2,Galaxy Z Flip5 5G,Premium Foldable,Yes,3041.0,5263236.26,39.42,56.76,24.23,165.07,61.33,Latin America,Actual,1730.76,2024-Q2,21
2024,Q2,Galaxy A14 5G,Budget,Yes,19961.0,4491940.84,39.97,50.61,20.12,149.48,57.47,Middle East & Africa,Actual,225.04,2024-Q2,21
2024,Q2,Galaxy A15 5G,Budget,Yes,43974.0,9520773.12,40.01,50.67,20.2,145.52,56.55,Middle East & Africa,Actual,216.51,2024-Q2,21
2024,Q2,Galaxy S23 5G,Flagship,Yes,7098.0,5737752.4,39.94,49.39,18.62,150.74,57.03,Middle East & Africa,Actual,808.36,2024-Q2,21
2024,Q2,Galaxy S24 5G,Flagship,Yes,18738.0,16126781.93,40.01,48.88,20.17,154.89,57.41,Middle East & Africa,Actual,860.65,2024-Q2,21
2024,Q2,Galaxy Z Flip5 5G,Premium Foldable,Yes,3959.0,6064257.54,39.07,52.03,19.62,150.11,58.03,Middle East & Africa,Actual,1531.76,2024-Q2,21
2024,Q2,Galaxy A14 5G,Budget,Yes,7894.0,1840426.04,28.99,77.04,37.01,240.2,80.09,North America,Actual,233.14,2024-Q2,21
2024,Q2,Galaxy A15 5G,Budget,Yes,22182.0,4917736.76,29.4,77.16,36.92,240.54,78.99,North America,Actual,221.7,2024-Q2,21
2024,Q2,Galaxy S23 5G,Flagship,Yes,11059.0,9636462.45,30.05,77.39,36.78,233.97,80.8,North America,Actual,871.37,2024-Q2,21
2024,Q2,Galaxy S24 5G,Flagship,Yes,28086.0,23846481.15,28.41,73.29,37.91,240.87,78.59,North America,Actual,849.05,2024-Q2,21
2024,Q2,Galaxy Z Flip5 5G,Premium Foldable,Yes,9102.0,15905799.75,29.07,76.92,36.89,241.52,78.73,North America,Actual,1747.51,2024-Q2,21
2024,Q3,Galaxy A14 5G,Budget,Yes,6640.0,1479692.61,37.22,78.58,41.91,244.1,79.21,Asia-Pacific,Actual,222.85,2024-Q3,22
2024,Q3,Galaxy A15 5G,Budget,Yes,1043480.0,11451093.29,38.08,79.03,42.08,250.08,82.15,Asia-Pacific,Actual,10.97,2024-Q3,22
2024,Q3,Galaxy S23 5G,Flagship,Yes,4033.0,3337912.91,36.83,76.78,41.97,242.93,78.41,Asia-Pacific,Actual,827.65,2024-Q3,22
2024,Q3,Galaxy S24 5G,Flagship,Yes,24518.0,21037582.94,37.97,79.14,41.8,247.96,79.25,Asia-Pacific,Actual,858.05,2024-Q3,22
2024,Q3,Galaxy Z Flip5 5G,Premium Foldable,Yes,6599.0,10128457.93,37.21,79.39,42.18,243.68,81.5,Asia-Pacific,Actual,1534.85,2024-Q3,22
2024,Q3,Galaxy Z Fold6 5G,Premium Foldable,Yes,5884.0,9220450.92,38.36,79.81,42.35,244.1,81.07,Asia-Pacific,Actual,1567.04,2024-Q3,22
2024,Q3,Galaxy A14 5G,Budget,Yes,5118.0,1105690.51,31.29,69.64,33.99,213.74,75.01,Europe,Actual,216.04,2024-Q3,22
2024,Q3,Galaxy A15 5G,Budget,Yes,33572.0,7499361.68,31.44,70.06,34.15,219.03,75.23,Europe,Actual,223.38,2024-Q3,22
2024,Q3,Galaxy S23 5G,Flagship,Yes,3703.0,3488281.11,30.19,67.97,34.1,217.11,74.72,Europe,Actual,942.01,2024-Q3,22
2024,Q3,Galaxy S24 5G,Flagship,Yes,27616.0,24217315.27,30.93,69.34,33.57,213.98,74.64,Europe,Actual,876.93,2024-Q3,22
2024,Q3,Galaxy Z Flip5 5G,Premium Foldable,Yes,5351.0,8215426.1,30.98,68.33,33.88,224.96,75.32,Europe,Actual,1535.31,2024-Q3,22
2024,Q3,Galaxy Z Fold6 5G,Premium Foldable,Yes,4512.0,7222791.82,31.68,68.52,33.99,216.31,75.85,Europe,Actual,1600.8,2024-Q3,22
2024,Q3,Galaxy A14 5G,Budget,Yes,8152.0,1846384.33,38.32,58.9,24.95,175.58,63.91,Latin America,Actual,226.49,2024-Q3,22
2024,Q3,Galaxy A15 5G,Budget,Yes,54017.0,11778023.5,38.27,58.93,26.96,170.21,64.8,Latin America,Actual,218.04,2024-Q3,22
2024,Q3,Galaxy S23 5G,Flagship,Yes,2341.0,1997624.65,39.47,58.86,25.36,175.32,64.63,Latin America,Actual,853.32,2024-Q3,22
2024,Q3,Galaxy S24 5G,Flagship,Yes,19038.0,16246868.58,38.72,60.61,25.57,175.93,61.69,Latin America,Actual,853.39,2024-Q3,22
2024,Q3,Galaxy Z Flip5 5G,Premium Foldable,Yes,2371.0,3959683.55,38.85,57.28,26.42,169.78,62.12,Latin America,Actual,1670.05,2024-Q3,22
2024,Q3,Galaxy Z Fold6 5G,Premium Foldable,Yes,1838.0,3308758.18,38.58,59.57,25.57,169.75,63.02,Latin America,Actual,1800.19,2024-Q3,22
2024,Q3,Galaxy A14 5G,Budget,Yes,8786.0,1926668.11,39.89,52.61,20.11,158.62,59.43,Middle East & Africa,Actual,219.29,2024-Q3,22
2024,Q3,Galaxy A15 5G,Budget,Yes,60655.0,14007600.26,39.58,52.47,20.14,154.36,56.66,Middle East & Africa,Actual,230.94,2024-Q3,22
2024,Q3,Galaxy S23 5G,Flagship,Yes,2823.0,2636210.68,40.5,52.37,20.76,153.59,56.82,Middle East & Africa,Actual,933.83,2024-Q3,22
2024,Q3,Galaxy S24 5G,Flagship,Yes,20841.0,18808522.25,40.66,51.74,20.73,154.36,57.3,Middle East & Africa,Actual,902.48,2024-Q3,22
2024,Q3,Galaxy Z Flip5 5G,Premium Foldable,Yes,2605.0,4284478.89,39.06,51.96,19.69,156.53,58.7,Middle East & Africa,Actual,1644.71,2024-Q3,22
2024,Q3,Galaxy Z Fold6 5G,Premium Foldable,Yes,2641.0,4316631.15,39.64,53.2,20.8,153.05,58.61,Middle East & Africa,Actual,1634.47,2024-Q3,22
2024,Q3,Galaxy A14 5G,Budget,Yes,3427.0,722815.33,29.33,80.34,39.53,247.22,80.76,North America,Actual,210.92,2024-Q3,22
2024,Q3,Galaxy A15 5G,Budget,Yes,23615.0,4760740.72,28.25,78.27,38.75,239.89,80.24,North America,Actual,201.6,2024-Q3,22
2024,Q3,Galaxy S23 5G,Flagship,Yes,5080.0,4708173.76,29.31,79.88,38.48,245.77,80.93,North America,Actual,926.81,2024-Q3,22
2024,Q3,Galaxy S24 5G,Flagship,Yes,29761.0,25113568.53,29.38,78.75,38.78,247.72,80.76,North America,Actual,843.84,2024-Q3,22
2024,Q3,Galaxy Z Flip5 5G,Premium Foldable,Yes,6111.0,9974448.81,29.55,78.53,38.73,244.64,80.6,North America,Actual,1632.21,2024-Q3,22
2024,Q3,Galaxy Z Fold6 5G,Premium Foldable,Yes,5163.0,8612361.28,29.42,78.75,38.75,242.79,81.46,North America,Actual,1668.09,2024-Q3,22
2024,Q4,Galaxy A14 5G,Budget,Yes,2111.0,455281.84,37.72,96.79,44.05,259.08,81.65,Asia-Pacific,Actual,215.67,2024-Q4,23
2024,Q4,Galaxy A15 5G,Budget,Yes,47441.0,10528964.84,38.07,78.85,43.63,256.39,83.84,Asia-Pacific,Actual,221.94,2024-Q4,23
2024,Q4,Galaxy S23 5G,Flagship,Yes,1167.0,1020208.69,36.85,82.31,43.86,262.31,83.29,Asia-Pacific,Actual,874.21,2024-Q4,23
2024,Q4,Galaxy S24 5G,Flagship,Yes,20689.0,16900832.22,37.06,82.41,44.14,255.1,81.21,Asia-Pacific,Actual,816.9,2024-Q4,23
2024,Q4,Galaxy Z Flip5 5G,Premium Foldable,Yes,3744.0,6357544.63,38.0,79.06,44.61,255.93,81.64,Asia-Pacific,Actual,1698.06,2024-Q4,23
2024,Q4,Galaxy Z Fold6 5G,Premium Foldable,Yes,8724.0,14535840.49,38.4,82.93,44.05,254.12,82.72,Asia-Pacific,Actual,1666.19,2024-Q4,23
2024,Q4,Galaxy A14 5G,Budget,Yes,1495.0,323718.4,31.21,72.44,35.83,231.15,77.34,Europe,Actual,216.53,2024-Q4,23
2024,Q4,Galaxy A15 5G,Budget,Yes,30574.0,6666443.72,31.65,72.42,34.88,228.47,77.32,Europe,Actual,218.04,2024-Q4,23
2024,Q4,Galaxy S23 5G,Flagship,Yes,1193.0,1014683.75,32.53,70.99,34.7,233.47,76.1,Europe,Actual,850.53,2024-Q4,23
2024,Q4,Galaxy S24 5G,Flagship,Yes,28330.0,23631789.28,31.44,73.18,34.28,232.18,75.72,Europe,Actual,834.16,2024-Q4,23
2024,Q4,Galaxy Z Flip5 5G,Premium Foldable,Yes,2981.0,4839452.81,31.53,71.13,34.63,232.51,76.37,Europe,Actual,1623.43,2024-Q4,23
2024,Q4,Galaxy Z Fold6 5G,Premium Foldable,Yes,6314.0,10285958.86,32.09,71.54,35.99,232.41,77.44,Europe,Actual,1629.07,2024-Q4,23
2024,Q4,Galaxy A14 5G,Budget,Yes,2718.0,570563.84,38.5,61.3,27.44,177.33,65.83,Latin America,Actual,209.92,2024-Q4,23
2024,Q4,Galaxy A15 5G,Budget,Yes,54327.0,11426483.25,38.3,61.15,27.09,180.83,65.98,Latin America,Actual,210.33,2024-Q4,23
2024,Q4,Galaxy S23 5G,Flagship,Yes,785.0,681457.21,39.34,61.15,26.44,176.4,63.61,Latin America,Actual,868.1,2024-Q4,23
2024,Q4,Galaxy S24 5G,Flagship,Yes,16026.0,14274456.66,38.69,58.63,26.84,174.88,64.45,Latin America,Actual,890.71,2024-Q4,23
2024,Q4,Galaxy Z Flip5 5G,Premium Foldable,Yes,1208.0,2093803.96,39.64,59.21,25.95,175.79,65.49,Latin America,Actual,1733.28,2024-Q4,23
2024,Q4,Galaxy Z Fold6 5G,Premium Foldable,Yes,2608.0,4613448.89,38.63,61.49,26.84,175.48,65.59,Latin America,Actual,1768.96,2024-Q4,23
2024,Q4,Galaxy A14 5G,Budget,Yes,2721.0,599800.69,39.57,54.13,22.03,159.93,59.91,Middle East & Africa,Actual,220.43,2024-Q4,23
2024,Q4,Galaxy A15 5G,Budget,Yes,56195.0,12904499.59,40.28,54.15,21.47,161.15,60.45,Middle East & Africa,Actual,229.64,2024-Q4,23
2024,Q4,Galaxy S23 5G,Flagship,Yes,930.0,834029.79,40.32,52.17,22.53,162.26,60.66,Middle East & Africa,Actual,896.81,2024-Q4,23
2024,Q4,Galaxy S24 5G,Flagship,Yes,17542.0,16145461.22,40.19,54.67,22.78,158.86,59.91,Middle East & Africa,Actual,920.39,2024-Q4,23
2024,Q4,Galaxy Z Flip5 5G,Premium Foldable,Yes,1586.0,2609125.82,39.56,52.5,22.03,161.24,59.51,Middle East & Africa,Actual,1645.1,2024-Q4,23
2024,Q4,Galaxy Z Fold6 5G,Premium Foldable,Yes,3793.0,6236809.43,39.76,54.37,20.0,164.94,59.29,Middle East & Africa,Actual,1644.29,2024-Q4,23
2024,Q4,Galaxy A14 5G,Budget,Yes,1076.0,251815.52,29.41,83.58,42.29,251.45,82.14,North America,Actual,234.03,2024-Q4,23
2024,Q4,Galaxy A15 5G,Budget,Yes,19485.0,4317957.86,28.9,82.34,40.39,252.79,81.59,North America,Actual,221.6,2024-Q4,23
2024,Q4,Galaxy S23 5G,Flagship,Yes,1480.0,1244006.33,29.42,81.98,41.21,246.4,82.64,North America,Actual,840.54,2024-Q4,23
2024,Q4,Galaxy S24 5G,Flagship,Yes,32173.0,27689905.92,30.11,83.16,40.62,254.73,82.14,North America,Actual,860.66,2024-Q4,23
2024,Q4,Galaxy Z Flip5 5G,Premium Foldable,Yes,3436.0,5791105.24,28.82,79.81,40.92,257.0,81.81,North America,Actual,1685.42,2024-Q4,23
2024,Q4,Galaxy Z Fold6 5G,Premium Foldable,Yes,9111.0,14981168.12,29.63,79.49,40.92,254.47,82.19,North America,Actual,1644.29,2024-Q4,23
2025,Q1,Galaxy A15 5G,Budget,Yes,32382.0,7060665.29,37.44,84.53,45.92,256.51,82.34,Asia-Pacific,Actual,218.04,2025-Q1,24
2025,Q1,Galaxy S24 5G,Flagship,Yes,15431.0,13079676.39,37.69,84.6,45.73,267.82,84.47,Asia-Pacific,Actual,847.62,2025-Q1,24
2025,Q1,Galaxy S25 5G,Flagship,Yes,14386.0,11941659.13,38.36,83.18,44.65,265.86,83.05,Asia-Pacific,Actual,830.09,2025-Q1,24
2025,Q1,Galaxy Z Flip5 5G,Premium Foldable,Yes,1421.0,2457228.93,38.95,84.87,45.64,259.17,83.05,Asia-Pacific,Actual,1729.23,2025-Q1,24
2025,Q1,Galaxy Z Fold6 5G,Premium Foldable,Yes,11456.0,18271826.25,37.57,86.67,46.01,266.32,82.51,Asia-Pacific,Actual,1594.96,2025-Q1,24
2025,Q1,Galaxy A15 5G,Budget,Yes,18466.0,3700720.42,30.86,73.04,36.66,232.47,78.35,Europe,Actual,200.41,2025-Q1,24
2025,Q1,Galaxy S24 5G,Flagship,Yes,17746.0,15038543.21,30.49,71.24,36.29,234.72,78.39,Europe,Actual,847.43,2025-Q1,24
2025,Q1,Galaxy S25 5G,Flagship,Yes,16250.0,11999735.72,32.1,75.04,36.26,233.41,75.82,Europe,Actual,738.45,2025-Q1,24
2025,Q1,Galaxy Z Flip5 5G,Premium Foldable,Yes,1032.0,1735081.1,31.44,74.87,36.39,231.0,78.37,Europe,Actual,1681.28,2025-Q1,24
2025,Q1,Galaxy Z Fold6 5G,Premium Foldable,Yes,6329.0,10867864.0,30.99,70.9,35.39,231.34,78.52,Europe,Actual,1717.15,2025-Q1,24
2025,Q1,Galaxy A15 5G,Budget,Yes,36194.0,7854170.68,37.58,63.47,28.32,182.34,65.64,Latin America,Actual,217.0,2025-Q1,24
2025,Q1,Galaxy S24 5G,Flagship,Yes,11512.0,9551622.04,39.6,63.3,27.77,186.97,65.45,Latin America,Actual,829.71,2025-Q1,24
2025,Q1,Galaxy S25 5G,Flagship,Yes,10615.0,9450795.17,40.45,63.84,29.31,187.54,66.35,Latin America,Actual,890.32,2025-Q1,24
2025,Q1,Galaxy Z Flip5 5G,Premium Foldable,Yes,503.0,847718.66,39.66,62.48,28.45,182.76,63.81,Latin America,Actual,1685.33,2025-Q1,24
2025,Q1,Galaxy Z Fold6 5G,Premium Foldable,Yes,3166.0,5214875.55,39.0,63.38,28.87,185.91,67.59,Latin America,Actual,1647.15,2025-Q1,24
2025,Q1,Galaxy A15 5G,Budget,Yes,37542.0,7459434.73,39.96,57.0,22.93,167.67,59.44,Middle East & Africa,Actual,198.7,2025-Q1,24
2025,Q1,Galaxy S24 5G,Flagship,Yes,10685.0,9195911.42,39.77,56.5,22.44,168.44,60.81,Middle East & Africa,Actual,860.64,2025-Q1,24
2025,Q1,Galaxy S25 5G,Flagship,Yes,10353.0,8766666.37,40.24,56.23,22.19,164.52,60.32,Middle East & Africa,Actual,846.78,2025-Q1,24
2025,Q1,Galaxy Z Flip5 5G,Premium Foldable,Yes,630.0,1052130.17,39.99,54.87,23.91,164.5,61.32,Middle East & Africa,Actual,1670.05,2025-Q1,24
2025,Q1,Galaxy Z Fold6 5G,Premium Foldable,Yes,4577.0,7817670.75,39.19,56.12,22.63,168.88,60.55,Middle East & Africa,Actual,1708.03,2025-Q1,24
2025,Q1,Galaxy A15 5G,Budget,Yes,15594.0,3592928.8,28.23,84.38,41.75,266.11,81.38,North America,Actual,230.4,2025-Q1,24
2025,Q1,Galaxy S24 5G,Flagship,Yes,21171.0,18275765.11,29.6,85.87,43.38,263.86,83.36,North America,Actual,863.25,2025-Q1,24
2025,Q1,Galaxy S25 5G,Flagship,Yes,19473.0,16434821.28,28.94,86.42,42.45,259.58,82.95,North America,Actual,843.98,2025-Q1,24
2025,Q1,Galaxy Z Flip5 5G,Premium Foldable,Yes,1417.0,2426994.88,29.68,83.38,43.32,264.01,83.77,North America,Actual,1712.77,2025-Q1,24
2025,Q1,Galaxy Z Fold6 5G,Premium Foldable,Yes,9910.0,17036435.08,28.96,86.12,42.08,257.37,84.03,North America,Actual,1719.12,2025-Q1,24
2025,Q2,Galaxy A15 5G,Budget,Yes,16052.0,3443582.63,37.54,86.45,48.4,273.94,85.1,Asia-Pacific,Actual,214.53,2025-Q2,25
2025,Q2,Galaxy A16 5G,Budget,Yes,29004.0,6914756.73,37.71,87.14,47.42,268.29,84.96,Asia-Pacific,Actual,238.41,2025-Q2,25
2025,Q2,Galaxy S24 5G,Flagship,Yes,7421.0,6387036.82,38.48,87.14,47.07,275.46,84.75,Asia-Pacific,Actual,860.67,2025-Q2,25
2025,Q2,Galaxy S25 5G,Flagship,Yes,26347.0,23917936.38,36.99,87.73,47.19,272.94,84.96,Asia-Pacific,Actual,907.8,2025-Q2,25
2025,Q2,Galaxy Z Flip5 5G,Premium Foldable,Yes,439.0,792817.04,37.63,87.39,47.61,275.85,84.76,Asia-Pacific,Actual,1805.96,2025-Q2,25
2025,Q2,Galaxy Z Fold6 5G,Premium Foldable,Yes,10358.0,17030863.34,39.29,87.12,47.02,273.24,84.06,Asia-Pacific,Actual,1644.22,2025-Q2,25
2025,Q2,Galaxy A15 5G,Budget,Yes,9817.0,2034862.13,31.9,78.43,38.05,245.03,81.35,Europe,Actual,207.28,2025-Q2,25
2025,Q2,Galaxy A16 5G,Budget,Yes,17404.0,3897963.74,31.91,76.18,38.09,242.46,79.23,Europe,Actual,223.97,2025-Q2,25
2025,Q2,Galaxy S24 5G,Flagship,Yes,9028.0,7811727.27,31.29,77.33,37.65,239.96,78.99,Europe,Actual,865.28,2025-Q2,25
2025,Q2,Galaxy S25 5G,Flagship,Yes,24901.0,20664030.79,32.08,78.19,38.29,239.94,80.87,Europe,Actual,829.85,2025-Q2,25
2025,Q2,Galaxy Z Flip5 5G,Premium Foldable,Yes,355.0,591360.82,32.27,77.78,38.05,243.54,78.4,Europe,Actual,1665.81,2025-Q2,25
2025,Q2,Galaxy Z Fold6 5G,Premium Foldable,Yes,7524.0,12371672.59,31.52,77.78,37.37,243.94,77.87,Europe,Actual,1644.29,2025-Q2,25
2025,Q2,Galaxy A15 5G,Budget,Yes,19517.0,4571756.57,39.51,66.0,29.19,191.16,67.61,Latin America,Actual,234.24,2025-Q2,25
2025,Q2,Galaxy A16 5G,Budget,Yes,31151.0,7102999.72,39.51,65.97,29.03,185.25,67.95,Latin America,Actual,228.02,2025-Q2,25
2025,Q2,Galaxy S24 5G,Flagship,Yes,6054.0,5476291.43,40.41,64.64,29.24,189.81,67.08,Latin America,Actual,904.57,2025-Q2,25
2025,Q2,Galaxy S25 5G,Flagship,Yes,13879.0,11461255.78,38.54,67.43,28.51,191.91,67.73,Latin America,Actual,825.8,2025-Q2,25
2025,Q2,Galaxy Z Flip5 5G,Premium Foldable,Yes,300.0,573013.4,39.3,67.24,29.82,186.85,68.07,Latin America,Actual,1910.04,2025-Q2,25
2025,Q2,Galaxy Z Fold6 5G,Premium Foldable,Yes,3034.0,5374307.34,39.42,66.83,28.86,190.75,68.36,Latin America,Actual,1771.36,2025-Q2,25
2025,Q2,Galaxy A15 5G,Budget,Yes,17313.0,4009566.27,40.58,59.51,23.95,171.12,62.51,Middle East & Africa,Actual,231.59,2025-Q2,25
2025,Q2,Galaxy A16 5G,Budget,Yes,31371.0,7214940.54,39.83,57.71,24.12,174.11,61.43,Middle East & Africa,Actual,229.99,2025-Q2,25
2025,Q2,Galaxy S24 5G,Flagship,Yes,5363.0,4688737.49,38.79,55.64,22.56,175.79,61.5,Middle East & Africa,Actual,874.28,2025-Q2,25
2025,Q2,Galaxy S25 5G,Flagship,Yes,18157.0,15899378.54,40.18,57.22,22.83,167.43,61.99,Middle East & Africa,Actual,875.66,2025-Q2,25
2025,Q2,Galaxy Z Flip5 5G,Premium Foldable,Yes,300.0,475828.28,39.58,58.79,23.17,174.16,59.92,Middle East & Africa,Actual,1586.09,2025-Q2,25
2025,Q2,Galaxy Z Fold6 5G,Premium Foldable,Yes,3553.0,5720898.26,39.83,57.26,22.93,170.11,62.67,Middle East & Africa,Actual,1610.16,2025-Q2,25
2025,Q2,Galaxy A15 5G,Budget,Yes,6958.0,1412010.36,30.19,87.86,43.31,270.87,86.27,North America,Actual,202.93,2025-Q2,25
2025,Q2,Galaxy A16 5G,Budget,Yes,12684.0,2780764.46,29.15,85.6,43.74,265.86,85.82,North America,Actual,219.23,2025-Q2,25
2025,Q2,Galaxy S24 5G,Flagship,Yes,225540.0,10454566.44,29.21,86.34,43.99,271.47,84.82,North America,Actual,46.35,2025-Q2,25
2025,Q2,Galaxy S25 5G,Flagship,Yes,29034.0,23838114.27,28.75,87.78,43.2,266.96,84.39,North America,Actual,821.04,2025-Q2,25
2025,Q2,Galaxy Z Flip5 5G,Premium Foldable,Yes,368.0,668383.75,29.53,88.42,44.19,271.09,84.39,North America,Actual,1816.26,2025-Q2,25
2025,Q2,Galaxy Z Fold6 5G,Premium Foldable,Yes,9709.0,15334064.38,29.16,86.93,43.61,269.53,85.72,North America,Actual,1579.37,2025-Q2,25
2025,Q3,Galaxy A15 5G,Budget,Yes,6096.0,1369330.43,37.44,90.74,49.18,282.66,85.75,Asia-Pacific,Actual,224.63,2025-Q3,26
2025,Q3,Galaxy A16 5G,Budget,Yes,51427.0,10831839.08,38.23,90.25,49.4,283.24,86.39,Asia-Pacific,Actual,210.63,2025-Q3,26
2025,Q3,Galaxy S24 5G,Flagship,Yes,3351.0,2884024.24,38.31,89.09,49.27,278.09,85.61,Asia-Pacific,Actual,860.65,2025-Q3,26
2025,Q3,Galaxy S25 5G,Flagship,Yes,26989.0,22371111.96,37.92,89.18,49.59,279.88,85.57,Asia-Pacific,Actual,828.9,2025-Q3,26
2025,Q3,Galaxy Z Fold6 5G,Premium Foldable,Yes,6497.0,10993495.68,38.11,90.69,49.09,282.58,87.55,Asia-Pacific,Actual,1692.09,2025-Q3,26
2025,Q3,Galaxy A15 5G,Budget,Yes,3870.0,810584.8,32.11,81.61,38.1,253.23,80.19,Europe,Actual,209.45,2025-Q3,26
2025,Q3,Galaxy A16 5G,Budget,Yes,28817.0,6648365.6,30.92,79.93,39.41,249.72,78.93,Europe,Actual,230.71,2025-Q3,26
2025,Q3,Galaxy S24 5G,Flagship,Yes,3368.0,2520415.39,31.63,80.27,39.59,248.55,82.86,Europe,Actual,748.34,2025-Q3,26
2025,Q3,Galaxy S25 5G,Flagship,Yes,30399.0,27988622.11,30.84,79.85,40.21,248.87,82.06,Europe,Actual,920.71,2025-Q3,26
2025,Q3,Galaxy Z Fold6 5G,Premium Foldable,Yes,4928.0,7883868.91,31.95,79.45,39.97,248.55,82.41,Europe,Actual,1599.81,2025-Q3,26
2025,Q3,Galaxy A15 5G,Budget,Yes,7747.0,1726975.08,38.27,65.9,30.33,195.36,69.21,Latin America,Actual,222.92,2025-Q3,26
2025,Q3,Galaxy A16 5G,Budget,Yes,43513.0,9374401.74,38.78,67.62,30.29,192.62,68.03,Latin America,Actual,215.44,2025-Q3,26
2025,Q3,Galaxy S24 5G,Flagship,Yes,2774.0,2407381.19,39.59,67.79,30.41,191.88,69.98,Latin America,Actual,867.84,2025-Q3,26
2025,Q3,Galaxy S25 5G,Flagship,Yes,17183.0,14779761.32,39.26,68.5,29.8,197.34,70.21,Latin America,Actual,860.14,2025-Q3,26
2025,Q3,Galaxy Z Fold6 5G,Premium Foldable,Yes,2563.0,4479358.11,39.44,68.29,30.08,196.24,69.16,Latin America,Actual,1747.7,2025-Q3,26
2025,Q3,Galaxy A15 5G,Budget,Yes,7399.0,1613299.44,40.73,60.52,24.05,181.17,62.01,Middle East & Africa,Actual,218.04,2025-Q3,26
2025,Q3,Galaxy A16 5G,Budget,Yes,50737.0,11170901.05,39.74,61.26,23.29,174.1,65.0,Middle East & Africa,Actual,220.17,2025-Q3,26
2025,Q3,Galaxy S24 5G,Flagship,Yes,2902.0,2273923.16,40.51,60.61,24.03,182.07,61.63,Middle East & Africa,Actual,783.57,2025-Q3,26
2025,Q3,Galaxy S25 5G,Flagship,Yes,21867.0,18159668.9,39.57,60.43,25.32,171.43,64.3,Middle East & Africa,Actual,830.46,2025-Q3,26
2025,Q3,Galaxy Z Fold6 5G,Premium Foldable,Yes,2687.0,4415612.45,40.77,60.73,24.42,179.55,64.21,Middle East & Africa,Actual,1643.32,2025-Q3,26
2025,Q3,Galaxy A15 5G,Budget,Yes,3036.0,652603.3,29.25,91.26,45.03,279.19,86.4,North America,Actual,214.95,2025-Q3,26
2025,Q3,Galaxy A16 5G,Budget,Yes,24656.0,5374376.71,29.91,89.56,45.68,277.97,85.53,North America,Actual,217.97,2025-Q3,26
2025,Q3,Galaxy S24 5G,Flagship,Yes,4810.0,3708405.08,27.89,89.17,45.28,277.23,85.27,North America,Actual,770.98,2025-Q3,26
2025,Q3,Galaxy S25 5G,Flagship,Yes,34853.0,29859049.84,28.91,90.52,46.4,276.45,85.58,North America,Actual,856.71,2025-Q3,26
2025,Q3,Galaxy Z Fold6 5G,Premium Foldable,Yes,6321.0,10731055.69,30.36,90.35,44.73,275.02,85.93,North America,Actual,1697.68,2025-Q3,26
2025,Q4,Galaxy A15 5G,Budget,Yes,2108.0,488671.63,37.77,92.8,50.36,290.55,88.54,Asia-Pacific,Actual,231.82,2025-Q4,27
2025,Q4,Galaxy A16 5G,Budget,Yes,42583.0,9537072.95,38.45,92.76,51.52,290.6,88.2,Asia-Pacific,Actual,223.96,2025-Q4,27
2025,Q4,Galaxy S24 5G,Flagship,Yes,971.0,862163.4,37.61,95.02,50.85,293.86,87.85,Asia-Pacific,Actual,887.91,2025-Q4,27
2025,Q4,Galaxy S25 5G,Flagship,Yes,23775.0,20000975.91,38.65,93.3,50.06,292.45,89.43,Asia-Pacific,Actual,841.26,2025-Q4,27
2025,Q4,Galaxy Z Fold6 5G,Premium Foldable,Yes,3234.0,5322791.73,36.42,93.55,50.91,294.28,87.71,Asia-Pacific,Actual,1645.88,2025-Q4,27
2025,Q4,Galaxy A15 5G,Budget,Yes,1413.0,300949.98,31.37,82.66,40.27,259.0,83.45,Europe,Actual,212.99,2025-Q4,27
2025,Q4,Galaxy A16 5G,Budget,Yes,32327.0,6994317.44,31.82,81.69,40.29,256.49,83.53,Europe,Actual,216.36,2025-Q4,27
2025,Q4,Galaxy S24 5G,Flagship,Yes,1246.0,1113931.91,31.67,83.49,40.15,258.13,82.71,Europe,Actual,894.01,2025-Q4,27
2025,Q4,Galaxy S25 5G,Flagship,Yes,25695.0,20323583.69,31.96,82.49,41.38,259.87,83.75,Europe,Actual,790.95,2025-Q4,27
2025,Q4,Galaxy Z Fold6 5G,Premium Foldable,Yes,2942.0,4785103.35,32.12,82.82,41.05,257.5,83.0,Europe,Actual,1626.48,2025-Q4,27
2025,Q4,Galaxy A15 5G,Budget,Yes,53420.0,534114.67,39.29,69.74,30.58,204.3,69.88,Latin America,Actual,10.0,2025-Q4,27
2025,Q4,Galaxy A16 5G,Budget,Yes,57443.0,12317753.62,38.85,70.28,31.7,209.15,70.87,Latin America,Actual,214.43,2025-Q4,27
2025,Q4,Galaxy S24 5G,Flagship,Yes,764.0,674061.45,38.66,71.81,31.8,199.34,70.01,Latin America,Actual,882.28,2025-Q4,27
2025,Q4,Galaxy S25 5G,Flagship,Yes,14833.0,12530293.59,39.04,71.37,31.01,203.51,70.05,Latin America,Actual,844.76,2025-Q4,27
2025,Q4,Galaxy Z Fold6 5G,Premium Foldable,Yes,1154.0,1881639.57,39.24,68.8,31.86,202.29,69.23,Latin America,Actual,1630.54,2025-Q4,27
2025,Q4,Galaxy A15 5G,Budget,Yes,2591.0,563434.29,40.22,62.34,25.27,183.2,64.98,Middle East & Africa,Actual,217.46,2025-Q4,27
2025,Q4,Galaxy A16 5G,Budget,Yes,58516.0,13105496.58,39.81,62.77,25.19,180.26,64.51,Middle East & Africa,Actual,223.96,2025-Q4,27
2025,Q4,Galaxy S24 5G,Flagship,Yes,821.0,730279.44,40.25,62.63,24.1,184.37,64.89,Middle East & Africa,Actual,889.5,2025-Q4,27
2025,Q4,Galaxy S25 5G,Flagship,Yes,17892.0,15150506.59,40.62,61.91,25.97,180.68,64.16,Middle East & Africa,Actual,846.78,2025-Q4,27
2025,Q4,Galaxy Z Fold6 5G,Premium Foldable,Yes,1401.0,2395089.41,40.19,62.06,26.07,179.01,64.69,Middle East & Africa,Actual,1709.56,2025-Q4,27
2025,Q4,Galaxy A15 5G,Budget,Yes,1061.0,232800.19,30.0,95.39,46.37,289.43,88.98,North America,Actual,219.42,2025-Q4,27
2025,Q4,Galaxy A16 5G,Budget,Yes,23656.0,5050458.24,29.83,91.8,47.18,284.09,89.53,North America,Actual,213.5,2025-Q4,27
2025,Q4,Galaxy S24 5G,Flagship,Yes,1672.0,1456231.62,29.35,93.74,47.3,281.37,87.83,North America,Actual,870.95,2025-Q4,27
2025,Q4,Galaxy S25 5G,Flagship,Yes,26914.0,22435750.29,29.75,92.03,46.76,289.12,89.55,North America,Actual,833.61,2025-Q4,27
2025,Q4,Galaxy Z Fold6 5G,Premium Foldable,Yes,3241.0,4982667.06,29.07,93.47,46.73,288.87,88.09,North America,Actual,1537.39,2025-Q4,27
2026,Q1,Galaxy A16 5G,Budget,Yes,41166.0,9062610.67,38.78,96.55,51.88,296.46,89.29,Asia-Pacific,Actual,220.15,2026-Q1,28
2026,Q1,Galaxy S25 5G,Flagship,Yes,14160.0,12865563.02,39.4,96.1,51.72,291.74,88.79,Asia-Pacific,Actual,908.58,2026-Q1,28
2026,Q1,Galaxy S26 5G,Flagship,Yes,14072.0,12029439.54,39.02,94.24,52.44,292.58,88.9,Asia-Pacific,Actual,854.85,2026-Q1,28
2026,Q1,Galaxy Z Fold6 5G,Premium Foldable,Yes,1463.0,2271158.08,37.72,97.0,52.0,299.15,90.47,Asia-Pacific,Actual,1552.4,2026-Q1,28
2026,Q1,Galaxy A16 5G,Budget,Yes,23005.0,5584474.94,32.37,86.97,42.05,261.83,83.78,Europe,Actual,242.75,2026-Q1,28
2026,Q1,Galaxy S25 5G,Flagship,Yes,20119.0,15306079.68,32.14,86.76,42.32,265.21,83.78,Europe,Actual,760.78,2026-Q1,28
2026,Q1,Galaxy S26 5G,Flagship,Yes,15999.0,14102097.88,32.75,83.31,42.16,261.71,82.87,Europe,Actual,881.44,2026-Q1,28
2026,Q1,Galaxy Z Fold6 5G,Premium Foldable,Yes,838.0,1401994.46,30.41,85.74,41.54,268.61,83.98,Europe,Actual,1673.02,2026-Q1,28
2026,Q1,Galaxy A16 5G,Budget,Yes,37085.0,8465007.29,38.4,73.84,32.24,206.33,71.58,Latin America,Actual,228.26,2026-Q1,28
2026,Q1,Galaxy S25 5G,Flagship,Yes,11513.0,11309204.74,39.65,72.26,32.27,206.03,71.97,Latin America,Actual,982.3,2026-Q1,28
2026,Q1,Galaxy S26 5G,Flagship,Yes,8972.0,7669949.51,40.78,69.7,31.95,206.33,72.01,Latin America,Actual,854.88,2026-Q1,28
2026,Q1,Galaxy Z Fold6 5G,Premium Foldable,Yes,503.0,802949.24,39.65,70.37,32.12,216.27,70.42,Latin America,Actual,1596.32,2026-Q1,28
2026,Q1,Galaxy A16 5G,Budget,Yes,44646.0,10030294.67,40.91,64.19,25.26,187.2,65.59,Middle East & Africa,Actual,224.66,2026-Q1,28
2026,Q1,Galaxy S25 5G,Flagship,Yes,12244.0,10788742.27,41.0,63.78,25.12,187.64,65.18,Middle East & Africa,Actual,881.15,2026-Q1,28
2026,Q1,Galaxy S26 5G,Flagship,Yes,10242.0,7757663.32,41.53,64.19,25.29,193.05,65.62,Middle East & Africa,Actual,757.44,2026-Q1,28
2026,Q1,Galaxy Z Fold6 5G,Premium Foldable,Yes,610.0,998945.36,39.27,64.6,26.13,187.8,65.33,Middle East & Africa,Actual,1637.62,2026-Q1,28
2026,Q1,Galaxy A16 5G,Budget,Yes,23330.5,5225199.74,29.67,94.49,48.54,290.78,92.14,North America,Actual,223.96,2026-Q1,28
2026,Q1,Galaxy S25 5G,Flagship,Yes,20776.0,17529620.68,29.87,96.07,49.33,290.41,86.98,North America,Actual,843.74,2026-Q1,28
2026,Q1,Galaxy S26 5G,Flagship,Yes,17963.0,14895320.89,29.84,94.49,49.62,289.51,89.01,North America,Actual,829.22,2026-Q1,28
2026,Q1,Galaxy Z Fold6 5G,Premium Foldable,Yes,1377.0,2274251.76,29.65,94.49,48.22,294.05,90.0,North America,Actual,1651.6,2026-Q1,28
2026,Q2,Galaxy A16 5G,Budget,Yes,18446.0,3974425.53,38.06,98.45,53.81,302.05,90.93,Asia-Pacific,Actual,215.46,2026-Q2,29
2026,Q2,Galaxy S25 5G,Flagship,Yes,9326.0,8217845.34,37.88,99.0,54.22,304.3,90.93,Asia-Pacific,Actual,881.18,2026-Q2,29
2026,Q2,Galaxy S26 5G,Flagship,Yes,26286.0,22610801.08,38.22,99.0,53.45,306.95,91.5,Asia-Pacific,Actual,860.18,2026-Q2,29
2026,Q2,Galaxy Z Fold6 5G,Premium Foldable,Yes,473.0,778210.29,37.88,99.0,54.74,300.35,89.45,Asia-Pacific,Actual,1645.26,2026-Q2,29
2026,Q2,Galaxy A16 5G,Budget,Yes,12955.0,3034039.53,32.61,86.42,42.8,270.86,83.97,Europe,Actual,234.2,2026-Q2,29
2026,Q2,Galaxy S25 5G,Flagship,Yes,10697.0,8531213.07,32.14,87.33,42.64,271.94,84.76,Europe,Actual,797.53,2026-Q2,29
2026,Q2,Galaxy S26 5G,Flagship,Yes,28579.0,24430585.72,31.39,87.41,43.48,275.95,83.97,Europe,Actual,854.84,2026-Q2,29
2026,Q2,Galaxy Z Fold6 5G,Premium Foldable,Yes,350.0,570346.15,31.65,88.31,43.12,274.48,83.59,Europe,Actual,1629.56,2026-Q2,29
2026,Q2,Galaxy A16 5G,Budget,Yes,19357.0,3989662.22,39.01,73.26,33.87,212.77,73.4,Latin America,Actual,206.11,2026-Q2,29
2026,Q2,Galaxy S25 5G,Flagship,Yes,6387.0,5627378.29,38.7,74.17,32.66,214.04,73.4,Latin America,Actual,881.07,2026-Q2,29
2026,Q2,Galaxy S26 5G,Flagship,Yes,16954.0,12987129.52,39.01,73.78,33.79,211.87,73.58,Latin America,Actual,766.02,2026-Q2,29
2026,Q2,Galaxy Z Fold6 5G,Premium Foldable,Yes,300.0,474069.59,40.11,73.65,33.31,213.16,73.33,Latin America,Actual,1580.23,2026-Q2,29
2026,Q2,Galaxy A16 5G,Budget,Yes,24089.0,5728524.73,40.14,66.99,27.72,196.48,66.16,Middle East & Africa,Actual,237.81,2026-Q2,29
2026,Q2,Galaxy S25 5G,Flagship,Yes,7473.0,6473745.17,40.93,67.76,26.69,201.06,69.19,Middle East & Africa,Actual,866.28,2026-Q2,29
2026,Q2,Galaxy S26 5G,Flagship,Yes,19782.0,16665388.83,40.27,65.49,27.66,190.93,66.83,Middle East & Africa,Actual,842.45,2026-Q2,29
2026,Q2,Galaxy Z Fold6 5G,Premium Foldable,Yes,300.0,468997.07,40.6,66.82,27.58,194.75,67.04,Middle East & Africa,Actual,1563.32,2026-Q2,29
2026,Q2,Galaxy A16 5G,Budget,Yes,9424.0,2116556.1,29.46,96.35,49.93,305.76,92.62,North America,Actual,224.59,2026-Q2,29
2026,Q2,Galaxy S25 5G,Flagship,Yes,12463.0,10553362.6,29.91,98.01,49.14,300.46,90.68,North America,Actual,846.78,2026-Q2,29
2026,Q2,Galaxy S26 5G,Flagship,Yes,33563.0,28658488.43,30.34,96.03,50.16,298.44,90.91,North America,Actual,853.87,2026-Q2,29
2026,Q2,Galaxy Z Fold6 5G,Premium Foldable,Yes,438.0,774275.68,29.06,97.45,49.96,297.21,90.34,North America,Actual,1767.75,2026-Q2,29
2026,Q3,Galaxy A16 5G,Budget,Yes,8545.0,1922826.39,39.05,99.0,56.55,313.18,94.36,Asia-Pacific,Forecast,225.02,2026-Q3,30
2026,Q3,Galaxy S25 5G,Flagship,Yes,3721.0,2834785.54,39.1,99.0,56.5,312.56,92.83,Asia-Pacific,Forecast,761.83,2026-Q3,30
2026,Q3,Galaxy S26 5G,Flagship,Yes,10122.0,8338184.55,39.19,99.0,54.94,312.69,92.98,Asia-Pacific,Forecast,823.77,2026-Q3,30
2026,Q3,Galaxy A16 5G,Budget,Yes,4651.0,1078581.95,32.17,89.75,45.33,282.57,86.69,Europe,Forecast,231.9,2026-Q3,30
2026,Q3,Galaxy S25 5G,Flagship,Yes,3694.0,3091986.88,31.27,88.65,44.92,280.06,87.71,Europe,Forecast,837.03,2026-Q3,30
2026,Q3,Galaxy S26 5G,Flagship,Yes,12315.0,10351616.45,31.96,89.28,44.68,277.45,86.37,Europe,Forecast,840.57,2026-Q3,30
2026,Q3,Galaxy A16 5G,Budget,Yes,9005.0,1901351.3,39.32,75.98,34.34,217.06,73.49,Latin America,Forecast,211.14,2026-Q3,30
2026,Q3,Galaxy S25 5G,Flagship,Yes,2428.0,2229686.01,40.03,76.6,34.38,222.23,72.66,Latin America,Forecast,918.32,2026-Q3,30
2026,Q3,Galaxy S26 5G,Flagship,Yes,7501.0,6919261.17,38.59,79.12,34.23,215.78,74.32,Latin America,Forecast,922.45,2026-Q3,30
2026,Q3,Galaxy A16 5G,Budget,Yes,8761.0,1979488.09,40.81,68.21,27.87,195.47,67.74,Middle East & Africa,Forecast,225.94,2026-Q3,30
2026,Q3,Galaxy S25 5G,Flagship,Yes,2467.0,2118008.11,40.69,69.35,28.37,199.34,66.82,Middle East & Africa,Forecast,858.54,2026-Q3,30
2026,Q3,Galaxy S26 5G,Flagship,Yes,7889.0,6637433.04,40.04,70.17,27.83,198.11,69.4,Middle East & Africa,Forecast,841.35,2026-Q3,30
2026,Q3,Galaxy A16 5G,Budget,Yes,3741.0,851674.38,29.1,99.0,52.05,309.49,93.32,North America,Forecast,227.66,2026-Q3,30
2026,Q3,Galaxy S25 5G,Flagship,Yes,4607.0,3862827.21,29.99,99.0,52.21,312.19,91.81,North America,Forecast,838.47,2026-Q3,30
2026,Q3,Galaxy S26 5G,Flagship,Yes,14969.0,12941113.22,30.06,99.0,51.97,308.16,92.69,North America,Forecast,864.53,2026-Q3,30
2026,Q4,Galaxy A16 5G,Budget,Yes,1984.0,444253.58,39.09,99.0,57.82,320.0,95.68,Asia-Pacific,Forecast,223.92,2026-Q4,31
2026,Q4,Galaxy S25 5G,Flagship,Yes,1024.0,876315.44,39.02,99.0,58.59,320.0,95.64,Asia-Pacific,Forecast,855.78,2026-Q4,31
2026,Q4,Galaxy S26 5G,Flagship,Yes,1099.0,947860.4,38.94,99.0,56.52,320.0,95.69,Asia-Pacific,Forecast,862.48,2026-Q4,31
2026,Q4,Galaxy A16 5G,Budget,Yes,1345.0,301232.02,31.64,92.0,46.19,285.1,87.99,Europe,Forecast,223.96,2026-Q4,31
2026,Q4,Galaxy S25 5G,Flagship,Yes,1201.0,1003193.41,31.67,90.42,47.42,283.32,87.79,Europe,Forecast,835.3,2026-Q4,31
2026,Q4,Galaxy S26 5G,Flagship,Yes,1304.0,1217014.18,32.0,94.56,46.11,287.44,88.32,Europe,Forecast,933.29,2026-Q4,31
2026,Q4,Galaxy A16 5G,Budget,Yes,2191.0,428967.83,39.74,77.26,36.6,225.01,74.74,Latin America,Forecast,195.79,2026-Q4,31
2026,Q4,Galaxy S25 5G,Flagship,Yes,797.0,685861.39,40.01,77.95,36.22,226.2,74.53,Latin America,Forecast,860.55,2026-Q4,31
2026,Q4,Galaxy S26 5G,Flagship,Yes,778.0,675463.13,39.75,79.4,36.41,218.85,75.34,Latin America,Forecast,868.2,2026-Q4,31
2026,Q4,Galaxy A16 5G,Budget,Yes,2589.0,554212.98,40.6,71.14,29.0,206.63,69.81,Middle East & Africa,Forecast,214.06,2026-Q4,31
2026,Q4,Galaxy S25 5G,Flagship,Yes,814.0,694705.05,40.84,71.58,28.93,202.41,69.4,Middle East & Africa,Forecast,853.45,2026-Q4,31
2026,Q4,Galaxy S26 5G,Flagship,Yes,1009.0,876126.46,40.36,70.64,28.67,208.56,68.79,Middle East & Africa,Forecast,868.31,2026-Q4,31
2026,Q4,Galaxy A16 5G,Budget,Yes,1014.0,227065.13,30.23,99.0,53.45,316.38,91.65,North America,Forecast,223.93,2026-Q4,31
2026,Q4,Galaxy S25 5G,Flagship,Yes,1482.0,1265023.4,30.15,99.0,53.59,320.0,94.36,North America,Forecast,853.59,2026-Q4,31
2026,Q4,Galaxy S26 5G,Flagship,Yes,1351.0,1155265.78,30.25,99.0,53.83,320.0,93.52,North America,Forecast,855.12,2026-Q4,31
